axis,group,source_support,accepted_support,coverage,conditional_risk,selective_risk_identified
country,ABW,2,2,1.0,1.0,True
country,AFG,10,10,1.0,1.0,True
country,AIA,9,9,1.0,1.0,True
country,ALB,6,6,1.0,1.0,True
country,AND,11,10,0.9090909090909091,1.0,True
country,ANT,4,4,1.0,0.5,True
country,ARE,34,33,0.9705882352941176,0.9696969696969697,True
country,ARG,63,52,0.8253968253968254,0.9230769230769231,True
country,ATG,7,6,0.8571428571428571,1.0,True
country,AUS,38,34,0.8947368421052632,0.9117647058823529,True
country,AUT,12,10,0.8333333333333334,1.0,True
country,AZE,1,0,0.0,,False
country,BEL,30,27,0.9,0.9629629629629629,True
country,BEN,1,0,0.0,,False
country,BFA,11,11,1.0,0.2727272727272727,True
country,BGD,36,32,0.8888888888888888,0.59375,True
country,BGR,3,2,0.6666666666666666,1.0,True
country,BHR,15,14,0.9333333333333333,0.35714285714285715,True
country,BHS,38,37,0.9736842105263158,1.0,True
country,BIH,2,2,1.0,0.0,True
country,BLR,23,21,0.9130434782608695,0.9047619047619048,True
country,BLZ,12,10,0.8333333333333334,0.6,True
country,BOL,27,23,0.8518518518518519,0.6086956521739131,True
country,BRA,107,96,0.897196261682243,0.8125,True
country,BRB,20,18,0.9,0.7777777777777778,True
country,BRN,15,15,1.0,0.6,True
country,BWA,6,6,1.0,0.3333333333333333,True
country,CA-,17,14,0.8235294117647058,0.7857142857142857,True
country,CAN,36,32,0.8888888888888888,0.6875,True
country,CHE,31,28,0.9032258064516129,0.75,True
country,CHL,20,18,0.9,0.8888888888888888,True
country,CHN,134,128,0.9552238805970149,0.625,True
country,CIV,24,23,0.9583333333333334,0.9130434782608695,True
country,CMR,26,19,0.7307692307692307,0.8947368421052632,True
country,COG,2,2,1.0,1.0,True
country,COL,19,17,0.8947368421052632,0.8235294117647058,True
country,CPV,19,19,1.0,1.0,True
country,CRI,15,15,1.0,0.9333333333333333,True
country,CUB,9,9,1.0,0.7777777777777778,True
country,CYP,23,18,0.782608695652174,0.9444444444444444,True
country,CZE,24,21,0.875,0.9523809523809523,True
country,DEU,75,64,0.8533333333333334,0.859375,True
country,DJI,22,21,0.9545454545454546,1.0,True
country,DNK,27,24,0.8888888888888888,0.9583333333333334,True
country,DOM,6,4,0.6666666666666666,1.0,True
country,DZA,41,37,0.9024390243902439,0.7567567567567568,True
country,ECU,44,42,0.9545454545454546,0.7380952380952381,True
country,EGY,47,44,0.9361702127659575,0.8409090909090909,True
country,ESP,95,84,0.8842105263157894,0.8095238095238095,True
country,EST,34,30,0.8823529411764706,0.9333333333333333,True
country,ETH,61,54,0.8852459016393442,0.9629629629629629,True
country,FIN,7,6,0.8571428571428571,1.0,True
country,FJI,13,12,0.9230769230769231,1.0,True
country,FLK,22,18,0.8181818181818182,0.6666666666666666,True
country,FRA,97,89,0.9175257731958762,0.8876404494382022,True
country,GAB,9,9,1.0,1.0,True
country,GBR,128,115,0.8984375,0.8434782608695652,True
country,GEO,18,17,0.9444444444444444,0.9411764705882353,True
country,GHA,10,10,1.0,1.0,True
country,GIN,24,23,0.9583333333333334,0.9130434782608695,True
country,GLP,4,3,0.75,1.0,True
country,GNB,2,2,1.0,1.0,True
country,GRC,28,25,0.8928571428571429,0.88,True
country,GTM,24,19,0.7916666666666666,0.7894736842105263,True
country,GUF,10,8,0.8,1.0,True
country,HKG,9,8,0.8888888888888888,0.75,True
country,HND,44,41,0.9318181818181818,0.9024390243902439,True
country,HRV,19,19,1.0,1.0,True
country,HTI,3,1,0.3333333333333333,1.0,True
country,HUN,21,20,0.9523809523809523,0.85,True
country,IDN,48,43,0.8958333333333334,0.6744186046511628,True
country,IND,122,101,0.8278688524590164,0.7623762376237624,True
country,IRL,15,14,0.9333333333333333,0.6428571428571429,True
country,IRN,14,12,0.8571428571428571,0.9166666666666666,True
country,IRQ,41,36,0.8780487804878049,0.8333333333333334,True
country,ISL,13,13,1.0,1.0,True
country,ITA,76,71,0.9342105263157895,0.8309859154929577,True
country,JAM,2,2,1.0,1.0,True
country,JOR,16,15,0.9375,0.9333333333333333,True
country,JPN,59,52,0.8813559322033898,0.9230769230769231,True
country,KAZ,14,12,0.8571428571428571,1.0,True
country,KEN,19,17,0.8947368421052632,0.8823529411764706,True
country,KGZ,16,14,0.875,1.0,True
country,KHM,11,11,1.0,0.2727272727272727,True
country,KO-,25,23,0.92,0.5217391304347826,True
country,KOR,40,36,0.9,0.5833333333333334,True
country,KWT,8,7,0.875,0.8571428571428571,True
country,LAO,21,17,0.8095238095238095,1.0,True
country,LBN,4,2,0.5,1.0,True
country,LBR,22,20,0.9090909090909091,0.7,True
country,LBY,69,65,0.9420289855072463,0.7076923076923077,True
country,LCA,8,6,0.75,1.0,True
country,LKA,15,11,0.7333333333333333,1.0,True
country,LSO,21,20,0.9523809523809523,1.0,True
country,LTU,26,24,0.9230769230769231,0.75,True
country,LUX,9,5,0.5555555555555556,0.8,True
country,LVA,37,34,0.918918918918919,1.0,True
country,MAR,28,27,0.9642857142857143,0.6296296296296297,True
country,MDA,6,6,1.0,1.0,True
country,MDG,2,2,1.0,1.0,True
country,MEX,14,13,0.9285714285714286,1.0,True
country,MKD,11,10,0.9090909090909091,1.0,True
country,MLI,1,1,1.0,1.0,True
country,MLT,18,17,0.9444444444444444,0.8823529411764706,True
country,MMR,10,10,1.0,1.0,True
country,MNG,25,24,0.96,0.9583333333333334,True
country,MOZ,11,11,1.0,0.45454545454545453,True
country,MRT,2,2,1.0,1.0,True
country,MTQ,22,18,0.8181818181818182,0.9444444444444444,True
country,MYS,8,8,1.0,0.5,True
country,NAM,2,2,1.0,1.0,True
country,NCL,21,18,0.8571428571428571,0.5,True
country,NGA,20,18,0.9,0.9444444444444444,True
country,NIC,18,18,1.0,0.16666666666666666,True
country,NLD,92,82,0.8913043478260869,0.8780487804878049,True
country,NOR,11,9,0.8181818181818182,1.0,True
country,NPL,50,45,0.9,1.0,True
country,NZL,12,9,0.75,1.0,True
country,OMN,5,4,0.8,0.5,True
country,PAK,19,17,0.8947368421052632,0.8823529411764706,True
country,PAN,21,21,1.0,1.0,True
country,PER,34,29,0.8529411764705882,0.8620689655172413,True
country,PHL,61,60,0.9836065573770492,0.43333333333333335,True
country,POL,31,26,0.8387096774193549,0.8846153846153846,True
country,PRI,44,39,0.8863636363636364,0.9487179487179487,True
country,PRK,35,34,0.9714285714285714,0.8235294117647058,True
country,PRT,24,20,0.8333333333333334,0.95,True
country,PRY,7,5,0.7142857142857143,0.8,True
country,PSE,4,4,1.0,0.5,True
country,QAT,18,18,1.0,0.4444444444444444,True
country,ROU,17,15,0.8823529411764706,0.8,True
country,RUS,150,131,0.8733333333333333,0.8854961832061069,True
country,SAU,38,38,1.0,0.868421052631579,True
country,SDN,6,6,1.0,0.6666666666666666,True
country,SEN,14,13,0.9285714285714286,0.9230769230769231,True
country,SGP,19,18,0.9473684210526315,0.5,True
country,SLE,22,21,0.9545454545454546,0.42857142857142855,True
country,SLV,17,17,1.0,0.7058823529411765,True
country,SOM,26,23,0.8846153846153846,0.21739130434782608,True
country,SRB,16,15,0.9375,1.0,True
country,SSD,1,1,1.0,0.0,True
country,SVK,33,30,0.9090909090909091,1.0,True
country,SVN,35,28,0.8,0.8928571428571429,True
country,SWE,8,8,1.0,0.875,True
country,SYR,23,23,1.0,0.7391304347826086,True
country,TGO,12,9,0.75,1.0,True
country,THA,29,27,0.9310344827586207,0.8518518518518519,True
country,TKM,11,11,1.0,1.0,True
country,TON,19,16,0.8421052631578947,0.75,True
country,TTO,8,7,0.875,1.0,True
country,TUN,34,30,0.8823529411764706,0.9333333333333333,True
country,TUR,65,53,0.8153846153846154,0.7358490566037735,True
country,TWN,31,29,0.9354838709677419,0.5172413793103449,True
country,TZA,71,64,0.9014084507042254,0.75,True
country,UGA,14,14,1.0,0.42857142857142855,True
country,UKR,71,61,0.8591549295774648,0.9344262295081968,True
country,URY,31,28,0.9032258064516129,1.0,True
country,USA,89,83,0.9325842696629213,0.4457831325301205,True
country,UZB,21,18,0.8571428571428571,0.7777777777777778,True
country,VAT,10,8,0.8,0.875,True
country,VEN,13,13,1.0,0.7692307692307693,True
country,VNM,28,26,0.9285714285714286,0.9230769230769231,True
country,YEM,16,16,1.0,0.625,True
country,ZAF,35,31,0.8857142857142857,0.9032258064516129,True
country,ZMB,3,2,0.6666666666666666,1.0,True
country,ZWE,28,27,0.9642857142857143,0.5185185185185185,True
country,ambiguous_country,61,52,0.8524590163934426,0.9038461538461539,True
class_label,airport,48,48,1.0,0.20833333333333334,True
class_label,airport_hangar,30,28,0.9333333333333333,0.8928571428571429,True
class_label,airport_terminal,60,53,0.8833333333333333,0.9245283018867925,True
class_label,amusement_park,56,54,0.9642857142857143,0.4074074074074074,True
class_label,aquaculture,78,77,0.9871794871794872,0.36363636363636365,True
class_label,archaeological_site,57,49,0.8596491228070176,0.9795918367346939,True
class_label,barn,59,54,0.9152542372881356,1.0,True
class_label,border_checkpoint,72,65,0.9027777777777778,0.8769230769230769,True
class_label,burial_site,66,53,0.803030303030303,0.9811320754716981,True
class_label,car_dealership,32,29,0.90625,0.896551724137931,True
class_label,construction_site,33,26,0.7878787878787878,0.9615384615384616,True
class_label,crop_field,100,87,0.87,0.9540229885057471,True
class_label,dam,40,36,0.9,0.8055555555555556,True
class_label,debris_or_rubble,107,97,0.9065420560747663,0.845360824742268,True
class_label,educational_institution,63,56,0.8888888888888888,0.9107142857142857,True
class_label,electric_substation,56,46,0.8214285714285714,0.9782608695652174,True
class_label,factory_or_powerplant,42,39,0.9285714285714286,0.9743589743589743,True
class_label,fire_station,52,49,0.9423076923076923,1.0,True
class_label,flooded_road,32,28,0.875,0.6071428571428571,True
class_label,fountain,56,48,0.8571428571428571,0.9375,True
class_label,gas_station,55,52,0.9454545454545454,0.9807692307692307,True
class_label,golf_course,45,40,0.8888888888888888,0.9,True
class_label,ground_transportation_station,83,72,0.8674698795180723,0.9722222222222222,True
class_label,helipad,36,34,0.9444444444444444,0.6764705882352942,True
class_label,hospital,39,37,0.9487179487179487,1.0,True
class_label,impoverished_settlement,45,45,1.0,0.24444444444444444,True
class_label,interchange,52,43,0.8269230769230769,0.8837209302325582,True
class_label,lake_or_pond,32,32,1.0,0.84375,True
class_label,lighthouse,50,48,0.96,0.6041666666666666,True
class_label,military_facility,75,63,0.84,0.9841269841269841,True
class_label,multi-unit_residential,37,33,0.8918918918918919,0.45454545454545453,True
class_label,nuclear_powerplant,73,69,0.9452054794520548,0.7681159420289855,True
class_label,office_building,36,32,0.8888888888888888,0.9375,True
class_label,oil_or_gas_facility,50,45,0.9,0.9555555555555556,True
class_label,park,53,43,0.8113207547169812,0.9767441860465116,True
class_label,parking_lot_or_garage,57,50,0.8771929824561403,0.98,True
class_label,place_of_worship,101,90,0.8910891089108911,0.9111111111111111,True
class_label,police_station,72,64,0.8888888888888888,0.96875,True
class_label,port,27,26,0.9629629629629629,0.4230769230769231,True
class_label,prison,58,52,0.896551724137931,1.0,True
class_label,race_track,48,43,0.8958333333333334,0.9767441860465116,True
class_label,railway_bridge,32,30,0.9375,0.9666666666666667,True
class_label,recreational_facility,64,54,0.84375,0.9629629629629629,True
class_label,road_bridge,63,54,0.8571428571428571,0.7592592592592593,True
class_label,runway,39,37,0.9487179487179487,0.40540540540540543,True
class_label,shipyard,17,16,0.9411764705882353,0.625,True
class_label,shopping_mall,45,37,0.8222222222222222,0.918918918918919,True
class_label,single-unit_residential,213,198,0.9295774647887324,0.702020202020202,True
class_label,smokestack,132,121,0.9166666666666666,0.9256198347107438,True
class_label,solar_farm,133,121,0.9097744360902256,0.8677685950413223,True
class_label,space_facility,64,64,1.0,0.421875,True
class_label,stadium,106,98,0.9245283018867925,0.5714285714285714,True
class_label,storage_tank,173,159,0.9190751445086706,0.8050314465408805,True
class_label,surface_mine,114,102,0.8947368421052632,0.5980392156862745,True
class_label,swimming_pool,141,119,0.8439716312056738,0.865546218487395,True
class_label,toll_booth,91,81,0.8901098901098901,0.8765432098765432,True
class_label,tower,142,129,0.9084507042253521,0.8914728682170543,True
class_label,tunnel_opening,150,143,0.9533333333333334,0.5244755244755245,True
class_label,waste_disposal,135,120,0.8888888888888888,0.8916666666666667,True
class_label,water_treatment_facility,138,123,0.8913043478260869,0.9186991869918699,True
class_label,wind_farm,148,128,0.8648648648648649,0.796875,True
class_label,zoo,66,55,0.8333333333333334,1.0,True
country_class,ABW|amusement_park,2,2,1.0,1.0,True
country_class,AFG|educational_institution,10,10,1.0,1.0,True
country_class,AIA|prison,9,9,1.0,1.0,True
country_class,ALB|educational_institution,1,1,1.0,1.0,True
country_class,ALB|parking_lot_or_garage,4,4,1.0,1.0,True
country_class,ALB|swimming_pool,1,1,1.0,1.0,True
country_class,AND|oil_or_gas_facility,11,10,0.9090909090909091,1.0,True
country_class,ANT|barn,1,1,1.0,1.0,True
country_class,ANT|car_dealership,1,1,1.0,1.0,True
country_class,ANT|lighthouse,1,1,1.0,0.0,True
country_class,ANT|port,1,1,1.0,0.0,True
country_class,ARE|factory_or_powerplant,4,4,1.0,1.0,True
country_class,ARE|ground_transportation_station,4,3,0.75,1.0,True
country_class,ARE|helipad,3,3,1.0,1.0,True
country_class,ARE|place_of_worship,4,4,1.0,0.75,True
country_class,ARE|police_station,3,3,1.0,1.0,True
country_class,ARE|race_track,1,1,1.0,1.0,True
country_class,ARE|recreational_facility,1,1,1.0,1.0,True
country_class,ARE|shipyard,3,3,1.0,1.0,True
country_class,ARE|storage_tank,9,9,1.0,1.0,True
country_class,ARE|tower,1,1,1.0,1.0,True
country_class,ARE|waste_disposal,1,1,1.0,1.0,True
country_class,ARG|airport_hangar,1,1,1.0,1.0,True
country_class,ARG|crop_field,1,1,1.0,1.0,True
country_class,ARG|debris_or_rubble,3,3,1.0,1.0,True
country_class,ARG|educational_institution,1,1,1.0,1.0,True
country_class,ARG|electric_substation,3,2,0.6666666666666666,1.0,True
country_class,ARG|factory_or_powerplant,1,1,1.0,1.0,True
country_class,ARG|flooded_road,1,1,1.0,1.0,True
country_class,ARG|ground_transportation_station,1,1,1.0,1.0,True
country_class,ARG|hospital,1,1,1.0,1.0,True
country_class,ARG|interchange,1,1,1.0,1.0,True
country_class,ARG|lighthouse,3,1,0.3333333333333333,1.0,True
country_class,ARG|park,2,2,1.0,1.0,True
country_class,ARG|parking_lot_or_garage,3,3,1.0,1.0,True
country_class,ARG|place_of_worship,1,1,1.0,1.0,True
country_class,ARG|recreational_facility,2,2,1.0,1.0,True
country_class,ARG|runway,1,1,1.0,0.0,True
country_class,ARG|shipyard,1,1,1.0,1.0,True
country_class,ARG|stadium,18,15,0.8333333333333334,1.0,True
country_class,ARG|surface_mine,1,1,1.0,0.0,True
country_class,ARG|toll_booth,16,11,0.6875,0.8181818181818182,True
country_class,ARG|waste_disposal,1,1,1.0,1.0,True
country_class,ATG|car_dealership,7,6,0.8571428571428571,1.0,True
country_class,AUS|airport_terminal,2,2,1.0,1.0,True
country_class,AUS|amusement_park,1,1,1.0,0.0,True
country_class,AUS|archaeological_site,1,0,0.0,,False
country_class,AUS|barn,3,3,1.0,1.0,True
country_class,AUS|burial_site,1,1,1.0,1.0,True
country_class,AUS|construction_site,1,1,1.0,1.0,True
country_class,AUS|flooded_road,3,3,1.0,1.0,True
country_class,AUS|golf_course,2,1,0.5,1.0,True
country_class,AUS|helipad,1,1,1.0,1.0,True
country_class,AUS|hospital,1,1,1.0,1.0,True
country_class,AUS|park,2,2,1.0,1.0,True
country_class,AUS|port,1,1,1.0,0.0,True
country_class,AUS|race_track,1,0,0.0,,False
country_class,AUS|shopping_mall,2,2,1.0,1.0,True
country_class,AUS|single-unit_residential,2,2,1.0,1.0,True
country_class,AUS|storage_tank,9,8,0.8888888888888888,1.0,True
country_class,AUS|surface_mine,1,1,1.0,0.0,True
country_class,AUS|toll_booth,1,1,1.0,1.0,True
country_class,AUS|tower,1,1,1.0,1.0,True
country_class,AUS|wind_farm,2,2,1.0,1.0,True
country_class,AUT|airport_hangar,2,2,1.0,1.0,True
country_class,AUT|airport_terminal,1,0,0.0,,False
country_class,AUT|archaeological_site,2,2,1.0,1.0,True
country_class,AUT|barn,1,0,0.0,,False
country_class,AUT|crop_field,1,1,1.0,1.0,True
country_class,AUT|prison,1,1,1.0,1.0,True
country_class,AUT|railway_bridge,1,1,1.0,1.0,True
country_class,AUT|recreational_facility,1,1,1.0,1.0,True
country_class,AUT|surface_mine,1,1,1.0,1.0,True
country_class,AUT|zoo,1,1,1.0,1.0,True
country_class,AZE|electric_substation,1,0,0.0,,False
country_class,BEL|car_dealership,2,2,1.0,1.0,True
country_class,BEL|dam,1,1,1.0,1.0,True
country_class,BEL|fire_station,2,2,1.0,1.0,True
country_class,BEL|ground_transportation_station,4,4,1.0,1.0,True
country_class,BEL|interchange,1,1,1.0,1.0,True
country_class,BEL|office_building,3,3,1.0,1.0,True
country_class,BEL|parking_lot_or_garage,1,1,1.0,1.0,True
country_class,BEL|place_of_worship,1,0,0.0,,False
country_class,BEL|police_station,1,1,1.0,1.0,True
country_class,BEL|recreational_facility,1,0,0.0,,False
country_class,BEL|road_bridge,3,2,0.6666666666666666,1.0,True
country_class,BEL|shopping_mall,1,1,1.0,0.0,True
country_class,BEL|waste_disposal,9,9,1.0,1.0,True
country_class,BEN|recreational_facility,1,0,0.0,,False
country_class,BFA|surface_mine,11,11,1.0,0.2727272727272727,True
country_class,BGD|crop_field,1,1,1.0,1.0,True
country_class,BGD|flooded_road,24,20,0.8333333333333334,0.45,True
country_class,BGD|hospital,1,1,1.0,1.0,True
country_class,BGD|lake_or_pond,7,7,1.0,0.8571428571428571,True
country_class,BGD|prison,1,1,1.0,1.0,True
country_class,BGD|runway,1,1,1.0,0.0,True
country_class,BGD|toll_booth,1,1,1.0,1.0,True
country_class,BGR|educational_institution,1,1,1.0,1.0,True
country_class,BGR|fire_station,1,0,0.0,,False
country_class,BGR|park,1,1,1.0,1.0,True
country_class,BHR|recreational_facility,3,3,1.0,1.0,True
country_class,BHR|storage_tank,10,10,1.0,0.1,True
country_class,BHR|swimming_pool,1,1,1.0,1.0,True
country_class,BHR|water_treatment_facility,1,0,0.0,,False
country_class,BHS|airport_terminal,1,1,1.0,1.0,True
country_class,BHS|educational_institution,7,6,0.8571428571428571,1.0,True
country_class,BHS|gas_station,3,3,1.0,1.0,True
country_class,BHS|military_facility,3,3,1.0,1.0,True
country_class,BHS|police_station,14,14,1.0,1.0,True
country_class,BHS|swimming_pool,10,10,1.0,1.0,True
country_class,BIH|airport,2,2,1.0,0.0,True
country_class,BLR|barn,1,1,1.0,1.0,True
country_class,BLR|electric_substation,3,2,0.6666666666666666,1.0,True
country_class,BLR|factory_or_powerplant,1,1,1.0,1.0,True
country_class,BLR|lake_or_pond,11,11,1.0,0.8181818181818182,True
country_class,BLR|military_facility,1,1,1.0,1.0,True
country_class,BLR|park,1,0,0.0,,False
country_class,BLR|police_station,2,2,1.0,1.0,True
country_class,BLR|surface_mine,1,1,1.0,1.0,True
country_class,BLR|waste_disposal,1,1,1.0,1.0,True
country_class,BLR|zoo,1,1,1.0,1.0,True
country_class,BLZ|crop_field,1,1,1.0,1.0,True
country_class,BLZ|tower,11,9,0.8181818181818182,0.5555555555555556,True
country_class,BOL|airport_terminal,1,0,0.0,,False
country_class,BOL|amusement_park,3,3,1.0,1.0,True
country_class,BOL|dam,3,3,1.0,1.0,True
country_class,BOL|flooded_road,1,1,1.0,1.0,True
country_class,BOL|ground_transportation_station,1,1,1.0,1.0,True
country_class,BOL|parking_lot_or_garage,1,1,1.0,1.0,True
country_class,BOL|place_of_worship,4,3,0.75,0.3333333333333333,True
country_class,BOL|recreational_facility,2,1,0.5,1.0,True
country_class,BOL|toll_booth,11,10,0.9090909090909091,0.3,True
country_class,BRA|airport,1,1,1.0,0.0,True
country_class,BRA|airport_terminal,2,2,1.0,1.0,True
country_class,BRA|aquaculture,1,1,1.0,1.0,True
country_class,BRA|barn,1,1,1.0,1.0,True
country_class,BRA|burial_site,1,1,1.0,1.0,True
country_class,BRA|crop_field,1,1,1.0,1.0,True
country_class,BRA|educational_institution,2,2,1.0,1.0,True
country_class,BRA|flooded_road,1,1,1.0,1.0,True
country_class,BRA|ground_transportation_station,3,3,1.0,1.0,True
country_class,BRA|hospital,2,2,1.0,1.0,True
country_class,BRA|lighthouse,2,2,1.0,1.0,True
country_class,BRA|military_facility,1,1,1.0,1.0,True
country_class,BRA|office_building,1,1,1.0,1.0,True
country_class,BRA|oil_or_gas_facility,1,1,1.0,1.0,True
country_class,BRA|park,2,2,1.0,1.0,True
country_class,BRA|police_station,2,2,1.0,0.5,True
country_class,BRA|port,2,2,1.0,1.0,True
country_class,BRA|race_track,1,1,1.0,1.0,True
country_class,BRA|recreational_facility,1,1,1.0,1.0,True
country_class,BRA|shopping_mall,1,1,1.0,1.0,True
country_class,BRA|single-unit_residential,2,2,1.0,0.5,True
country_class,BRA|stadium,1,0,0.0,,False
country_class,BRA|storage_tank,1,1,1.0,1.0,True
country_class,BRA|swimming_pool,61,51,0.8360655737704918,0.7058823529411765,True
country_class,BRA|waste_disposal,13,13,1.0,1.0,True
country_class,BRB|golf_course,10,10,1.0,0.6,True
country_class,BRB|swimming_pool,10,8,0.8,1.0,True
country_class,BRN|smokestack,8,8,1.0,1.0,True
country_class,BRN|stadium,7,7,1.0,0.14285714285714285,True
country_class,BWA|airport,4,4,1.0,0.0,True
country_class,BWA|airport_terminal,1,1,1.0,1.0,True
country_class,BWA|runway,1,1,1.0,1.0,True
country_class,CA-|amusement_park,5,5,1.0,0.4,True
country_class,CA-|police_station,12,9,0.75,1.0,True
country_class,CAN|amusement_park,1,1,1.0,1.0,True
country_class,CAN|barn,1,1,1.0,1.0,True
country_class,CAN|burial_site,1,0,0.0,,False
country_class,CAN|crop_field,1,0,0.0,,False
country_class,CAN|gas_station,1,1,1.0,1.0,True
country_class,CAN|hospital,3,3,1.0,1.0,True
country_class,CAN|office_building,3,3,1.0,0.6666666666666666,True
country_class,CAN|oil_or_gas_facility,1,1,1.0,1.0,True
country_class,CAN|park,2,1,0.5,1.0,True
country_class,CAN|parking_lot_or_garage,2,2,1.0,0.5,True
country_class,CAN|place_of_worship,2,2,1.0,1.0,True
country_class,CAN|prison,4,3,0.75,1.0,True
country_class,CAN|smokestack,1,1,1.0,1.0,True
country_class,CAN|surface_mine,12,12,1.0,0.4166666666666667,True
country_class,CAN|wind_farm,1,1,1.0,0.0,True
country_class,CHE|airport_terminal,1,1,1.0,1.0,True
country_class,CHE|burial_site,1,1,1.0,1.0,True
country_class,CHE|fountain,1,1,1.0,1.0,True
country_class,CHE|ground_transportation_station,4,4,1.0,0.75,True
country_class,CHE|military_facility,1,1,1.0,1.0,True
country_class,CHE|nuclear_powerplant,11,9,0.8181818181818182,0.3333333333333333,True
country_class,CHE|office_building,1,1,1.0,1.0,True
country_class,CHE|shopping_mall,1,1,1.0,1.0,True
country_class,CHE|smokestack,1,1,1.0,1.0,True
country_class,CHE|water_treatment_facility,9,8,0.8888888888888888,1.0,True
country_class,CHL|airport_hangar,2,2,1.0,1.0,True
country_class,CHL|barn,1,1,1.0,1.0,True
country_class,CHL|burial_site,3,3,1.0,1.0,True
country_class,CHL|construction_site,1,0,0.0,,False
country_class,CHL|crop_field,2,1,0.5,1.0,True
country_class,CHL|fire_station,1,1,1.0,1.0,True
country_class,CHL|hospital,1,1,1.0,1.0,True
country_class,CHL|lighthouse,1,1,1.0,0.0,True
country_class,CHL|parking_lot_or_garage,3,3,1.0,1.0,True
country_class,CHL|police_station,1,1,1.0,1.0,True
country_class,CHL|port,1,1,1.0,0.0,True
country_class,CHL|recreational_facility,1,1,1.0,1.0,True
country_class,CHL|shipyard,1,1,1.0,1.0,True
country_class,CHL|single-unit_residential,1,1,1.0,1.0,True
country_class,CHN|airport_terminal,1,1,1.0,1.0,True
country_class,CHN|amusement_park,1,1,1.0,0.0,True
country_class,CHN|archaeological_site,1,1,1.0,1.0,True
country_class,CHN|construction_site,1,1,1.0,1.0,True
country_class,CHN|factory_or_powerplant,3,3,1.0,1.0,True
country_class,CHN|ground_transportation_station,1,1,1.0,1.0,True
country_class,CHN|lighthouse,3,3,1.0,0.3333333333333333,True
country_class,CHN|park,2,2,1.0,1.0,True
country_class,CHN|parking_lot_or_garage,3,3,1.0,1.0,True
country_class,CHN|race_track,1,1,1.0,1.0,True
country_class,CHN|recreational_facility,1,1,1.0,1.0,True
country_class,CHN|road_bridge,1,1,1.0,0.0,True
country_class,CHN|runway,1,1,1.0,0.0,True
country_class,CHN|shipyard,1,1,1.0,0.0,True
country_class,CHN|shopping_mall,3,1,0.3333333333333333,1.0,True
country_class,CHN|space_facility,15,15,1.0,0.9333333333333333,True
country_class,CHN|swimming_pool,1,1,1.0,1.0,True
country_class,CHN|toll_booth,1,1,1.0,1.0,True
country_class,CHN|tunnel_opening,84,80,0.9523809523809523,0.4875,True
country_class,CHN|zoo,9,9,1.0,1.0,True
country_class,CIV|airport_hangar,1,1,1.0,0.0,True
country_class,CIV|hospital,10,10,1.0,1.0,True
country_class,CIV|office_building,1,1,1.0,1.0,True
country_class,CIV|place_of_worship,8,8,1.0,1.0,True
country_class,CIV|recreational_facility,3,2,0.6666666666666666,1.0,True
country_class,CIV|surface_mine,1,1,1.0,0.0,True
country_class,CMR|construction_site,11,9,0.8181818181818182,1.0,True
country_class,CMR|ground_transportation_station,1,1,1.0,1.0,True
country_class,CMR|parking_lot_or_garage,1,1,1.0,1.0,True
country_class,CMR|police_station,3,2,0.6666666666666666,1.0,True
country_class,CMR|surface_mine,10,6,0.6,0.6666666666666666,True
country_class,COG|airport_hangar,2,2,1.0,1.0,True
country_class,COL|car_dealership,1,1,1.0,1.0,True
country_class,COL|construction_site,1,1,1.0,1.0,True
country_class,COL|electric_substation,4,3,0.75,0.6666666666666666,True
country_class,COL|ground_transportation_station,1,1,1.0,1.0,True
country_class,COL|oil_or_gas_facility,1,1,1.0,1.0,True
country_class,COL|park,3,3,1.0,1.0,True
country_class,COL|place_of_worship,1,1,1.0,0.0,True
country_class,COL|prison,1,1,1.0,1.0,True
country_class,COL|race_track,4,3,0.75,1.0,True
country_class,COL|recreational_facility,1,1,1.0,0.0,True
country_class,COL|shopping_mall,1,1,1.0,1.0,True
country_class,CPV|dam,9,9,1.0,1.0,True
country_class,CPV|solar_farm,10,10,1.0,1.0,True
country_class,CRI|crop_field,1,1,1.0,1.0,True
country_class,CRI|fire_station,1,1,1.0,1.0,True
country_class,CRI|parking_lot_or_garage,1,1,1.0,1.0,True
country_class,CRI|stadium,11,11,1.0,0.9090909090909091,True
country_class,CRI|toll_booth,1,1,1.0,1.0,True
country_class,CUB|airport,1,1,1.0,1.0,True
country_class,CUB|airport_hangar,1,1,1.0,0.0,True
country_class,CUB|aquaculture,1,1,1.0,1.0,True
country_class,CUB|crop_field,1,1,1.0,1.0,True
country_class,CUB|lighthouse,1,1,1.0,1.0,True
country_class,CUB|place_of_worship,1,1,1.0,0.0,True
country_class,CUB|prison,1,1,1.0,1.0,True
country_class,CUB|recreational_facility,1,1,1.0,1.0,True
country_class,CUB|storage_tank,1,1,1.0,1.0,True
country_class,CYP|crop_field,1,1,1.0,1.0,True
country_class,CYP|swimming_pool,22,17,0.7727272727272727,0.9411764705882353,True
country_class,CZE|gas_station,1,1,1.0,0.0,True
country_class,CZE|place_of_worship,3,2,0.6666666666666666,1.0,True
country_class,CZE|smokestack,1,1,1.0,1.0,True
country_class,CZE|solar_farm,18,16,0.8888888888888888,1.0,True
country_class,CZE|zoo,1,1,1.0,1.0,True
country_class,DEU|airport_terminal,1,1,1.0,1.0,True
country_class,DEU|amusement_park,3,3,1.0,0.6666666666666666,True
country_class,DEU|archaeological_site,1,1,1.0,1.0,True
country_class,DEU|construction_site,3,3,1.0,0.6666666666666666,True
country_class,DEU|electric_substation,4,3,0.75,1.0,True
country_class,DEU|factory_or_powerplant,2,2,1.0,1.0,True
country_class,DEU|fountain,2,2,1.0,1.0,True
country_class,DEU|helipad,1,0,0.0,,False
country_class,DEU|office_building,1,0,0.0,,False
country_class,DEU|parking_lot_or_garage,1,1,1.0,1.0,True
country_class,DEU|race_track,4,4,1.0,1.0,True
country_class,DEU|recreational_facility,1,1,1.0,1.0,True
country_class,DEU|runway,3,3,1.0,1.0,True
country_class,DEU|shopping_mall,1,1,1.0,1.0,True
country_class,DEU|smokestack,10,8,0.8,1.0,True
country_class,DEU|solar_farm,36,30,0.8333333333333334,0.7666666666666667,True
country_class,DEU|wind_farm,1,1,1.0,1.0,True
country_class,DJI|crop_field,11,10,0.9090909090909091,1.0,True
country_class,DJI|office_building,11,11,1.0,1.0,True
country_class,DNK|burial_site,1,1,1.0,1.0,True
country_class,DNK|fire_station,10,9,0.9,1.0,True
country_class,DNK|helipad,1,1,1.0,1.0,True
country_class,DNK|interchange,11,10,0.9090909090909091,0.9,True
country_class,DNK|port,1,1,1.0,1.0,True
country_class,DNK|railway_bridge,1,1,1.0,1.0,True
country_class,DNK|smokestack,1,0,0.0,,False
country_class,DNK|wind_farm,1,1,1.0,1.0,True
country_class,DOM|airport_terminal,1,1,1.0,1.0,True
country_class,DOM|amusement_park,2,0,0.0,,False
country_class,DOM|fire_station,1,1,1.0,1.0,True
country_class,DOM|prison,1,1,1.0,1.0,True
country_class,DOM|swimming_pool,1,1,1.0,1.0,True
country_class,DZA|barn,1,1,1.0,1.0,True
country_class,DZA|border_checkpoint,1,1,1.0,1.0,True
country_class,DZA|crop_field,1,1,1.0,1.0,True
country_class,DZA|dam,1,1,1.0,1.0,True
country_class,DZA|educational_institution,1,1,1.0,0.0,True
country_class,DZA|fountain,3,2,0.6666666666666666,1.0,True
country_class,DZA|ground_transportation_station,2,2,1.0,1.0,True
country_class,DZA|hospital,1,1,1.0,1.0,True
country_class,DZA|impoverished_settlement,6,6,1.0,0.0,True
country_class,DZA|lighthouse,3,3,1.0,0.6666666666666666,True
country_class,DZA|multi-unit_residential,3,3,1.0,1.0,True
country_class,DZA|oil_or_gas_facility,2,1,0.5,1.0,True
country_class,DZA|place_of_worship,3,3,1.0,1.0,True
country_class,DZA|police_station,2,1,0.5,1.0,True
country_class,DZA|port,3,2,0.6666666666666666,1.0,True
country_class,DZA|shipyard,4,4,1.0,1.0,True
country_class,DZA|single-unit_residential,1,1,1.0,1.0,True
country_class,DZA|stadium,1,1,1.0,1.0,True
country_class,DZA|surface_mine,1,1,1.0,0.0,True
country_class,DZA|zoo,1,1,1.0,1.0,True
country_class,ECU|aquaculture,12,12,1.0,0.3333333333333333,True
country_class,ECU|factory_or_powerplant,1,1,1.0,1.0,True
country_class,ECU|lake_or_pond,10,10,1.0,1.0,True
country_class,ECU|lighthouse,3,3,1.0,0.0,True
country_class,ECU|police_station,4,4,1.0,1.0,True
country_class,ECU|race_track,1,1,1.0,1.0,True
country_class,ECU|solar_farm,1,1,1.0,1.0,True
country_class,ECU|swimming_pool,10,8,0.8,1.0,True
country_class,ECU|tower,1,1,1.0,1.0,True
country_class,ECU|waste_disposal,1,1,1.0,1.0,True
country_class,EGY|dam,1,1,1.0,1.0,True
country_class,EGY|educational_institution,13,11,0.8461538461538461,0.7272727272727273,True
country_class,EGY|factory_or_powerplant,1,1,1.0,1.0,True
country_class,EGY|lighthouse,3,3,1.0,1.0,True
country_class,EGY|prison,1,1,1.0,1.0,True
country_class,EGY|railway_bridge,1,1,1.0,0.0,True
country_class,EGY|recreational_facility,1,0,0.0,,False
country_class,EGY|runway,3,3,1.0,0.0,True
country_class,EGY|smokestack,13,13,1.0,1.0,True
country_class,EGY|water_treatment_facility,10,10,1.0,1.0,True
country_class,ESP|airport_terminal,2,2,1.0,0.5,True
country_class,ESP|burial_site,1,0,0.0,,False
country_class,ESP|crop_field,1,0,0.0,,False
country_class,ESP|dam,1,1,1.0,0.0,True
country_class,ESP|debris_or_rubble,12,11,0.9166666666666666,1.0,True
country_class,ESP|electric_substation,2,2,1.0,1.0,True
country_class,ESP|fire_station,1,1,1.0,1.0,True
country_class,ESP|ground_transportation_station,1,1,1.0,1.0,True
country_class,ESP|helipad,2,2,1.0,1.0,True
country_class,ESP|lake_or_pond,1,1,1.0,1.0,True
country_class,ESP|office_building,1,1,1.0,1.0,True
country_class,ESP|park,1,1,1.0,1.0,True
country_class,ESP|parking_lot_or_garage,2,1,0.5,1.0,True
country_class,ESP|place_of_worship,1,1,1.0,1.0,True
country_class,ESP|police_station,2,2,1.0,1.0,True
country_class,ESP|railway_bridge,4,3,0.75,1.0,True
country_class,ESP|solar_farm,26,24,0.9230769230769231,0.7083333333333334,True
country_class,ESP|surface_mine,2,2,1.0,0.0,True
country_class,ESP|toll_booth,2,2,1.0,1.0,True
country_class,ESP|tower,1,0,0.0,,False
country_class,ESP|waste_disposal,19,19,1.0,0.7368421052631579,True
country_class,ESP|zoo,10,7,0.7,1.0,True
country_class,EST|border_checkpoint,22,19,0.8636363636363636,0.9473684210526315,True
country_class,EST|multi-unit_residential,1,1,1.0,1.0,True
country_class,EST|single-unit_residential,11,10,0.9090909090909091,0.9,True
country_class,ETH|airport_terminal,1,1,1.0,0.0,True
country_class,ETH|educational_institution,4,3,0.75,1.0,True
country_class,ETH|fire_station,16,15,0.9375,1.0,True
country_class,ETH|fountain,16,14,0.875,1.0,True
country_class,ETH|ground_transportation_station,1,1,1.0,0.0,True
country_class,ETH|prison,11,9,0.8181818181818182,1.0,True
country_class,ETH|toll_booth,11,10,0.9090909090909091,1.0,True
country_class,ETH|wind_farm,1,1,1.0,1.0,True
country_class,FIN|airport_hangar,1,1,1.0,1.0,True
country_class,FIN|park,1,1,1.0,1.0,True
country_class,FIN|parking_lot_or_garage,3,2,0.6666666666666666,1.0,True
country_class,FIN|road_bridge,1,1,1.0,1.0,True
country_class,FIN|zoo,1,1,1.0,1.0,True
country_class,FJI|ground_transportation_station,13,12,0.9230769230769231,1.0,True
country_class,FLK|military_facility,11,9,0.8181818181818182,1.0,True
country_class,FLK|runway,11,9,0.8181818181818182,0.3333333333333333,True
country_class,FRA|archaeological_site,2,2,1.0,1.0,True
country_class,FRA|burial_site,2,1,0.5,1.0,True
country_class,FRA|crop_field,1,0,0.0,,False
country_class,FRA|dam,4,4,1.0,0.75,True
country_class,FRA|debris_or_rubble,1,1,1.0,1.0,True
country_class,FRA|educational_institution,2,2,1.0,0.5,True
country_class,FRA|electric_substation,1,1,1.0,1.0,True
country_class,FRA|factory_or_powerplant,1,1,1.0,1.0,True
country_class,FRA|fire_station,1,1,1.0,1.0,True
country_class,FRA|fountain,1,1,1.0,1.0,True
country_class,FRA|helipad,2,2,1.0,1.0,True
country_class,FRA|hospital,1,1,1.0,1.0,True
country_class,FRA|interchange,1,1,1.0,0.0,True
country_class,FRA|military_facility,2,2,1.0,1.0,True
country_class,FRA|nuclear_powerplant,11,11,1.0,0.9090909090909091,True
country_class,FRA|oil_or_gas_facility,3,3,1.0,1.0,True
country_class,FRA|place_of_worship,1,1,1.0,1.0,True
country_class,FRA|road_bridge,1,1,1.0,1.0,True
country_class,FRA|runway,2,2,1.0,1.0,True
country_class,FRA|shopping_mall,2,2,1.0,1.0,True
country_class,FRA|solar_farm,1,1,1.0,1.0,True
country_class,FRA|surface_mine,2,1,0.5,0.0,True
country_class,FRA|swimming_pool,2,2,1.0,1.0,True
country_class,FRA|toll_booth,10,9,0.9,1.0,True
country_class,FRA|tower,1,1,1.0,1.0,True
country_class,FRA|waste_disposal,18,16,0.8888888888888888,0.8125,True
country_class,FRA|water_treatment_facility,19,17,0.8947368421052632,0.8823529411764706,True
country_class,FRA|wind_farm,2,2,1.0,1.0,True
country_class,GAB|place_of_worship,9,9,1.0,1.0,True
country_class,GBR|airport_hangar,3,3,1.0,1.0,True
country_class,GBR|airport_terminal,1,0,0.0,,False
country_class,GBR|amusement_park,1,1,1.0,0.0,True
country_class,GBR|archaeological_site,1,1,1.0,1.0,True
country_class,GBR|burial_site,2,1,0.5,0.0,True
country_class,GBR|construction_site,1,1,1.0,1.0,True
country_class,GBR|dam,3,3,1.0,1.0,True
country_class,GBR|debris_or_rubble,13,11,0.8461538461538461,0.9090909090909091,True
country_class,GBR|electric_substation,4,4,1.0,1.0,True
country_class,GBR|golf_course,1,0,0.0,,False
country_class,GBR|interchange,1,1,1.0,1.0,True
country_class,GBR|nuclear_powerplant,12,12,1.0,0.75,True
country_class,GBR|office_building,2,2,1.0,1.0,True
country_class,GBR|port,1,1,1.0,0.0,True
country_class,GBR|railway_bridge,1,1,1.0,1.0,True
country_class,GBR|runway,2,2,1.0,0.0,True
country_class,GBR|shipyard,2,1,0.5,0.0,True
country_class,GBR|shopping_mall,2,1,0.5,1.0,True
country_class,GBR|single-unit_residential,1,0,0.0,,False
country_class,GBR|stadium,7,7,1.0,1.0,True
country_class,GBR|waste_disposal,30,27,0.9,0.8888888888888888,True
country_class,GBR|water_treatment_facility,37,35,0.9459459459459459,0.8571428571428571,True
country_class,GEO|construction_site,3,2,0.6666666666666666,1.0,True
country_class,GEO|ground_transportation_station,4,4,1.0,1.0,True
country_class,GEO|tower,11,11,1.0,0.9090909090909091,True
country_class,GHA|railway_bridge,10,10,1.0,1.0,True
country_class,GIN|tower,24,23,0.9583333333333334,0.9130434782608695,True
country_class,GLP|airport_terminal,1,1,1.0,1.0,True
country_class,GLP|crop_field,1,1,1.0,1.0,True
country_class,GLP|place_of_worship,1,0,0.0,,False
country_class,GLP|recreational_facility,1,1,1.0,1.0,True
country_class,GNB|airport,2,2,1.0,1.0,True
country_class,GRC|barn,1,1,1.0,1.0,True
country_class,GRC|educational_institution,1,1,1.0,1.0,True
country_class,GRC|impoverished_settlement,4,4,1.0,0.5,True
country_class,GRC|office_building,1,0,0.0,,False
country_class,GRC|race_track,3,3,1.0,1.0,True
country_class,GRC|railway_bridge,4,4,1.0,1.0,True
country_class,GRC|runway,3,3,1.0,0.6666666666666666,True
country_class,GRC|surface_mine,1,0,0.0,,False
country_class,GRC|wind_farm,10,9,0.9,1.0,True
country_class,GTM|airport,3,3,1.0,0.3333333333333333,True
country_class,GTM|barn,3,1,0.3333333333333333,1.0,True
country_class,GTM|crop_field,3,3,1.0,1.0,True
country_class,GTM|educational_institution,1,0,0.0,,False
country_class,GTM|electric_substation,1,1,1.0,1.0,True
country_class,GTM|oil_or_gas_facility,11,9,0.8181818181818182,0.7777777777777778,True
country_class,GTM|parking_lot_or_garage,1,1,1.0,1.0,True
country_class,GTM|place_of_worship,1,1,1.0,1.0,True
country_class,GUF|prison,10,8,0.8,1.0,True
country_class,HKG|factory_or_powerplant,1,1,1.0,1.0,True
country_class,HKG|ground_transportation_station,1,1,1.0,1.0,True
country_class,HKG|lighthouse,2,2,1.0,0.0,True
country_class,HKG|military_facility,1,1,1.0,1.0,True
country_class,HKG|parking_lot_or_garage,2,2,1.0,1.0,True
country_class,HKG|recreational_facility,1,0,0.0,,False
country_class,HKG|toll_booth,1,1,1.0,1.0,True
country_class,HND|airport_terminal,3,3,1.0,0.6666666666666666,True
country_class,HND|crop_field,2,2,1.0,1.0,True
country_class,HND|place_of_worship,2,2,1.0,1.0,True
country_class,HND|recreational_facility,3,3,1.0,1.0,True
country_class,HND|runway,1,1,1.0,0.0,True
country_class,HND|wind_farm,33,30,0.9090909090909091,0.9333333333333333,True
country_class,HRV|archaeological_site,2,2,1.0,1.0,True
country_class,HRV|educational_institution,1,1,1.0,1.0,True
country_class,HRV|gas_station,10,10,1.0,1.0,True
country_class,HRV|lighthouse,1,1,1.0,1.0,True
country_class,HRV|recreational_facility,3,3,1.0,1.0,True
country_class,HRV|solar_farm,1,1,1.0,1.0,True
country_class,HRV|storage_tank,1,1,1.0,1.0,True
country_class,HTI|burial_site,1,0,0.0,,False
country_class,HTI|debris_or_rubble,1,0,0.0,,False
country_class,HTI|lighthouse,1,1,1.0,1.0,True
country_class,HUN|amusement_park,1,1,1.0,0.0,True
country_class,HUN|crop_field,1,1,1.0,0.0,True
country_class,HUN|electric_substation,1,1,1.0,1.0,True
country_class,HUN|gas_station,1,1,1.0,1.0,True
country_class,HUN|helipad,1,1,1.0,1.0,True
country_class,HUN|military_facility,1,1,1.0,1.0,True
country_class,HUN|oil_or_gas_facility,11,10,0.9090909090909091,1.0,True
country_class,HUN|place_of_worship,1,1,1.0,1.0,True
country_class,HUN|police_station,1,1,1.0,1.0,True
country_class,HUN|surface_mine,1,1,1.0,0.0,True
country_class,HUN|water_treatment_facility,1,1,1.0,1.0,True
country_class,IDN|airport,4,4,1.0,0.0,True
country_class,IDN|airport_terminal,4,2,0.5,1.0,True
country_class,IDN|amusement_park,1,1,1.0,0.0,True
country_class,IDN|archaeological_site,1,1,1.0,1.0,True
country_class,IDN|hospital,3,3,1.0,1.0,True
country_class,IDN|impoverished_settlement,11,11,1.0,0.2727272727272727,True
country_class,IDN|military_facility,1,1,1.0,1.0,True
country_class,IDN|multi-unit_residential,1,1,1.0,1.0,True
country_class,IDN|police_station,3,3,1.0,1.0,True
country_class,IDN|railway_bridge,1,1,1.0,1.0,True
country_class,IDN|single-unit_residential,1,1,1.0,1.0,True
country_class,IDN|tower,17,14,0.8235294117647058,0.9285714285714286,True
country_class,IND|airport_hangar,2,2,1.0,1.0,True
country_class,IND|airport_terminal,1,1,1.0,1.0,True
country_class,IND|amusement_park,1,1,1.0,1.0,True
country_class,IND|archaeological_site,1,1,1.0,1.0,True
country_class,IND|dam,4,2,0.5,1.0,True
country_class,IND|educational_institution,1,1,1.0,1.0,True
country_class,IND|electric_substation,1,1,1.0,1.0,True
country_class,IND|golf_course,3,3,1.0,1.0,True
country_class,IND|military_facility,3,2,0.6666666666666666,1.0,True
country_class,IND|park,1,1,1.0,1.0,True
country_class,IND|parking_lot_or_garage,4,4,1.0,1.0,True
country_class,IND|race_track,1,1,1.0,1.0,True
country_class,IND|smokestack,1,1,1.0,1.0,True
country_class,IND|stadium,5,4,0.8,0.0,True
country_class,IND|swimming_pool,1,0,0.0,,False
country_class,IND|water_treatment_facility,15,14,0.9333333333333333,1.0,True
country_class,IND|wind_farm,77,62,0.8051948051948052,0.6774193548387096,True
country_class,IRL|airport_terminal,1,1,1.0,1.0,True
country_class,IRL|barn,1,1,1.0,1.0,True
country_class,IRL|car_dealership,1,0,0.0,,False
country_class,IRL|crop_field,2,2,1.0,0.5,True
country_class,IRL|fountain,1,1,1.0,1.0,True
country_class,IRL|golf_course,3,3,1.0,1.0,True
country_class,IRL|railway_bridge,1,1,1.0,1.0,True
country_class,IRL|runway,4,4,1.0,0.0,True
country_class,IRL|smokestack,1,1,1.0,1.0,True
country_class,IRN|amusement_park,1,1,1.0,0.0,True
country_class,IRN|crop_field,1,1,1.0,1.0,True
country_class,IRN|educational_institution,1,1,1.0,1.0,True
country_class,IRN|electric_substation,3,3,1.0,1.0,True
country_class,IRN|ground_transportation_station,1,0,0.0,,False
country_class,IRN|helipad,1,1,1.0,1.0,True
country_class,IRN|hospital,3,2,0.6666666666666666,1.0,True
country_class,IRN|multi-unit_residential,1,1,1.0,1.0,True
country_class,IRN|parking_lot_or_garage,1,1,1.0,1.0,True
country_class,IRN|place_of_worship,1,1,1.0,1.0,True
country_class,IRQ|airport_hangar,2,2,1.0,1.0,True
country_class,IRQ|archaeological_site,3,3,1.0,0.6666666666666666,True
country_class,IRQ|debris_or_rubble,4,4,1.0,1.0,True
country_class,IRQ|educational_institution,1,1,1.0,1.0,True
country_class,IRQ|impoverished_settlement,1,1,1.0,1.0,True
country_class,IRQ|military_facility,1,0,0.0,,False
country_class,IRQ|multi-unit_residential,1,0,0.0,,False
country_class,IRQ|oil_or_gas_facility,2,2,1.0,1.0,True
country_class,IRQ|park,4,3,0.75,1.0,True
country_class,IRQ|road_bridge,1,1,1.0,1.0,True
country_class,IRQ|smokestack,1,1,1.0,1.0,True
country_class,IRQ|tower,20,18,0.9,0.7222222222222222,True
country_class,ISL|lighthouse,3,3,1.0,1.0,True
country_class,ISL|road_bridge,10,10,1.0,1.0,True
country_class,ITA|airport,2,2,1.0,0.0,True
country_class,ITA|amusement_park,1,1,1.0,1.0,True
country_class,ITA|barn,2,2,1.0,1.0,True
country_class,ITA|crop_field,1,1,1.0,1.0,True
country_class,ITA|debris_or_rubble,33,31,0.9393939393939394,0.7096774193548387,True
country_class,ITA|electric_substation,2,2,1.0,1.0,True
country_class,ITA|factory_or_powerplant,2,2,1.0,0.5,True
country_class,ITA|fire_station,1,1,1.0,1.0,True
country_class,ITA|fountain,1,1,1.0,1.0,True
country_class,ITA|helipad,3,3,1.0,1.0,True
country_class,ITA|interchange,9,8,0.8888888888888888,1.0,True
country_class,ITA|military_facility,2,1,0.5,1.0,True
country_class,ITA|park,1,1,1.0,1.0,True
country_class,ITA|police_station,2,2,1.0,1.0,True
country_class,ITA|race_track,1,1,1.0,1.0,True
country_class,ITA|railway_bridge,3,2,0.6666666666666666,1.0,True
country_class,ITA|solar_farm,1,1,1.0,1.0,True
country_class,ITA|storage_tank,1,1,1.0,1.0,True
country_class,ITA|surface_mine,1,1,1.0,1.0,True
country_class,ITA|toll_booth,1,1,1.0,1.0,True
country_class,ITA|tower,2,2,1.0,1.0,True
country_class,ITA|waste_disposal,1,1,1.0,1.0,True
country_class,ITA|water_treatment_facility,1,1,1.0,1.0,True
country_class,ITA|wind_farm,1,1,1.0,1.0,True
country_class,ITA|zoo,1,1,1.0,1.0,True
country_class,JAM|ground_transportation_station,1,1,1.0,1.0,True
country_class,JAM|water_treatment_facility,1,1,1.0,1.0,True
country_class,JOR|airport,1,1,1.0,0.0,True
country_class,JOR|amusement_park,1,1,1.0,1.0,True
country_class,JOR|gas_station,13,12,0.9230769230769231,1.0,True
country_class,JOR|military_facility,1,1,1.0,1.0,True
country_class,JPN|airport,4,4,1.0,1.0,True
country_class,JPN|airport_hangar,1,0,0.0,,False
country_class,JPN|amusement_park,2,2,1.0,0.0,True
country_class,JPN|archaeological_site,1,1,1.0,1.0,True
country_class,JPN|barn,1,1,1.0,1.0,True
country_class,JPN|construction_site,4,3,0.75,1.0,True
country_class,JPN|educational_institution,1,1,1.0,1.0,True
country_class,JPN|electric_substation,1,0,0.0,,False
country_class,JPN|fountain,2,1,0.5,1.0,True
country_class,JPN|gas_station,1,1,1.0,1.0,True
country_class,JPN|golf_course,2,1,0.5,1.0,True
country_class,JPN|nuclear_powerplant,10,10,1.0,1.0,True
country_class,JPN|railway_bridge,1,1,1.0,1.0,True
country_class,JPN|recreational_facility,2,2,1.0,1.0,True
country_class,JPN|road_bridge,2,2,1.0,1.0,True
country_class,JPN|shopping_mall,2,2,1.0,0.5,True
country_class,JPN|storage_tank,1,1,1.0,1.0,True
country_class,JPN|toll_booth,20,18,0.9,0.9444444444444444,True
country_class,JPN|waste_disposal,1,1,1.0,1.0,True
country_class,KAZ|barn,1,1,1.0,1.0,True
country_class,KAZ|construction_site,1,1,1.0,1.0,True
country_class,KAZ|helipad,1,1,1.0,1.0,True
country_class,KAZ|military_facility,1,1,1.0,1.0,True
country_class,KAZ|oil_or_gas_facility,1,1,1.0,1.0,True
country_class,KAZ|single-unit_residential,9,7,0.7777777777777778,1.0,True
country_class,KEN|airport,1,1,1.0,0.0,True
country_class,KEN|debris_or_rubble,11,10,0.9090909090909091,1.0,True
country_class,KEN|office_building,1,0,0.0,,False
country_class,KEN|place_of_worship,1,1,1.0,1.0,True
country_class,KEN|race_track,4,4,1.0,0.75,True
country_class,KEN|tower,1,1,1.0,1.0,True
country_class,KGZ|fountain,6,6,1.0,1.0,True
country_class,KGZ|place_of_worship,10,8,0.8,1.0,True
country_class,KHM|office_building,1,1,1.0,1.0,True
country_class,KHM|storage_tank,10,10,1.0,0.2,True
country_class,KO-|amusement_park,2,2,1.0,0.0,True
country_class,KO-|military_facility,11,10,0.9090909090909091,1.0,True
country_class,KO-|stadium,11,10,0.9090909090909091,0.1,True
country_class,KO-|surface_mine,1,1,1.0,1.0,True
country_class,KOR|amusement_park,2,2,1.0,0.5,True
country_class,KOR|archaeological_site,2,1,0.5,1.0,True
country_class,KOR|crop_field,3,2,0.6666666666666666,1.0,True
country_class,KOR|educational_institution,1,1,1.0,1.0,True
country_class,KOR|military_facility,2,2,1.0,1.0,True
country_class,KOR|port,1,1,1.0,1.0,True
country_class,KOR|smokestack,1,0,0.0,,False
country_class,KOR|stadium,1,0,0.0,,False
country_class,KOR|tunnel_opening,27,27,1.0,0.48148148148148145,True
country_class,KWT|airport_terminal,1,1,1.0,1.0,True
country_class,KWT|amusement_park,1,1,1.0,1.0,True
country_class,KWT|gas_station,1,1,1.0,1.0,True
country_class,KWT|helipad,4,3,0.75,1.0,True
country_class,KWT|smokestack,1,1,1.0,0.0,True
country_class,LAO|border_checkpoint,11,9,0.8181818181818182,1.0,True
country_class,LAO|crop_field,10,8,0.8,1.0,True
country_class,LBN|airport_terminal,2,1,0.5,1.0,True
country_class,LBN|fire_station,1,1,1.0,1.0,True
country_class,LBN|hospital,1,0,0.0,,False
country_class,LBR|border_checkpoint,9,8,0.8888888888888888,0.25,True
country_class,LBR|crop_field,1,1,1.0,1.0,True
country_class,LBR|storage_tank,12,11,0.9166666666666666,1.0,True
country_class,LBY|airport,1,1,1.0,0.0,True
country_class,LBY|amusement_park,1,1,1.0,0.0,True
country_class,LBY|debris_or_rubble,3,3,1.0,1.0,True
country_class,LBY|multi-unit_residential,1,1,1.0,1.0,True
country_class,LBY|place_of_worship,2,2,1.0,1.0,True
country_class,LBY|port,3,3,1.0,0.0,True
country_class,LBY|single-unit_residential,48,46,0.9583333333333334,0.6956521739130435,True
country_class,LBY|tower,10,8,0.8,1.0,True
country_class,LCA|police_station,8,6,0.75,1.0,True
country_class,LKA|airport,2,2,1.0,1.0,True
country_class,LKA|educational_institution,1,1,1.0,1.0,True
country_class,LKA|parking_lot_or_garage,1,1,1.0,1.0,True
country_class,LKA|road_bridge,11,7,0.6363636363636364,1.0,True
country_class,LSO|barn,11,10,0.9090909090909091,1.0,True
country_class,LSO|crop_field,10,10,1.0,1.0,True
country_class,LTU|airport_hangar,1,1,1.0,1.0,True
country_class,LTU|archaeological_site,1,1,1.0,1.0,True
country_class,LTU|border_checkpoint,1,1,1.0,1.0,True
country_class,LTU|electric_substation,1,1,1.0,1.0,True
country_class,LTU|military_facility,3,2,0.6666666666666666,1.0,True
country_class,LTU|multi-unit_residential,1,1,1.0,1.0,True
country_class,LTU|parking_lot_or_garage,1,1,1.0,1.0,True
country_class,LTU|single-unit_residential,16,15,0.9375,0.6,True
country_class,LTU|smokestack,1,1,1.0,1.0,True
country_class,LUX|educational_institution,1,0,0.0,,False
country_class,LUX|gas_station,1,1,1.0,1.0,True
country_class,LUX|parking_lot_or_garage,1,1,1.0,1.0,True
country_class,LUX|place_of_worship,4,2,0.5,1.0,True
country_class,LUX|shopping_mall,1,0,0.0,,False
country_class,LUX|waste_disposal,1,1,1.0,0.0,True
country_class,LVA|crop_field,1,1,1.0,1.0,True
country_class,LVA|gas_station,1,1,1.0,1.0,True
country_class,LVA|golf_course,1,1,1.0,1.0,True
country_class,LVA|ground_transportation_station,4,3,0.75,1.0,True
country_class,LVA|military_facility,1,1,1.0,1.0,True
country_class,LVA|parking_lot_or_garage,1,1,1.0,1.0,True
country_class,LVA|smokestack,9,8,0.8888888888888888,1.0,True
country_class,LVA|tower,18,17,0.9444444444444444,1.0,True
country_class,LVA|waste_disposal,1,1,1.0,1.0,True
country_class,MAR|airport_terminal,2,2,1.0,1.0,True
country_class,MAR|amusement_park,1,1,1.0,0.0,True
country_class,MAR|gas_station,1,1,1.0,1.0,True
country_class,MAR|interchange,1,1,1.0,1.0,True
country_class,MAR|place_of_worship,4,4,1.0,1.0,True
country_class,MAR|recreational_facility,1,1,1.0,0.0,True
country_class,MAR|road_bridge,4,3,0.75,1.0,True
country_class,MAR|runway,1,1,1.0,0.0,True
country_class,MAR|stadium,10,10,1.0,0.4,True
country_class,MAR|storage_tank,1,1,1.0,0.0,True
country_class,MAR|swimming_pool,1,1,1.0,1.0,True
country_class,MAR|toll_booth,1,1,1.0,1.0,True
country_class,MDA|single-unit_residential,6,6,1.0,1.0,True
country_class,MDG|crop_field,1,1,1.0,1.0,True
country_class,MDG|flooded_road,1,1,1.0,1.0,True
country_class,MEX|archaeological_site,1,1,1.0,1.0,True
country_class,MEX|border_checkpoint,2,2,1.0,1.0,True
country_class,MEX|crop_field,3,3,1.0,1.0,True
country_class,MEX|ground_transportation_station,1,1,1.0,1.0,True
country_class,MEX|place_of_worship,3,2,0.6666666666666666,1.0,True
country_class,MEX|recreational_facility,1,1,1.0,1.0,True
country_class,MEX|shopping_mall,1,1,1.0,1.0,True
country_class,MEX|water_treatment_facility,1,1,1.0,1.0,True
country_class,MEX|zoo,1,1,1.0,1.0,True
country_class,MKD|prison,11,10,0.9090909090909091,1.0,True
country_class,MLI|recreational_facility,1,1,1.0,1.0,True
country_class,MLT|archaeological_site,1,1,1.0,1.0,True
country_class,MLT|crop_field,1,1,1.0,1.0,True
country_class,MLT|debris_or_rubble,13,12,0.9230769230769231,0.8333333333333334,True
country_class,MLT|educational_institution,1,1,1.0,1.0,True
country_class,MLT|ground_transportation_station,1,1,1.0,1.0,True
country_class,MLT|surface_mine,1,1,1.0,1.0,True
country_class,MMR|fountain,10,10,1.0,1.0,True
country_class,MNG|airport_terminal,2,2,1.0,1.0,True
country_class,MNG|border_checkpoint,22,21,0.9545454545454546,0.9523809523809523,True
country_class,MNG|ground_transportation_station,1,1,1.0,1.0,True
country_class,MOZ|lighthouse,11,11,1.0,0.45454545454545453,True
country_class,MRT|airport_terminal,2,2,1.0,1.0,True
country_class,MTQ|car_dealership,1,1,1.0,1.0,True
country_class,MTQ|crop_field,1,0,0.0,,False
country_class,MTQ|place_of_worship,10,9,0.9,0.8888888888888888,True
country_class,MTQ|shopping_mall,10,8,0.8,1.0,True
country_class,MYS|flooded_road,1,1,1.0,1.0,True
country_class,MYS|shipyard,4,4,1.0,0.25,True
country_class,MYS|stadium,1,1,1.0,0.0,True
country_class,MYS|zoo,2,2,1.0,1.0,True
country_class,NAM|airport_terminal,2,2,1.0,1.0,True
country_class,NCL|airport_terminal,2,2,1.0,1.0,True
country_class,NCL|helipad,9,9,1.0,0.0,True
country_class,NCL|water_treatment_facility,10,7,0.7,1.0,True
country_class,NGA|hospital,1,1,1.0,1.0,True
country_class,NGA|military_facility,1,1,1.0,1.0,True
country_class,NGA|port,1,1,1.0,0.0,True
country_class,NGA|single-unit_residential,15,13,0.8666666666666667,1.0,True
country_class,NGA|stadium,1,1,1.0,1.0,True
country_class,NGA|tower,1,1,1.0,1.0,True
country_class,NIC|shopping_mall,1,1,1.0,1.0,True
country_class,NIC|single-unit_residential,17,17,1.0,0.11764705882352941,True
country_class,NLD|amusement_park,1,1,1.0,0.0,True
country_class,NLD|crop_field,1,1,1.0,1.0,True
country_class,NLD|electric_substation,1,1,1.0,1.0,True
country_class,NLD|factory_or_powerplant,1,1,1.0,1.0,True
country_class,NLD|interchange,1,1,1.0,1.0,True
country_class,NLD|park,1,1,1.0,1.0,True
country_class,NLD|parking_lot_or_garage,1,1,1.0,1.0,True
country_class,NLD|recreational_facility,1,0,0.0,,False
country_class,NLD|road_bridge,4,3,0.75,1.0,True
country_class,NLD|shopping_mall,4,4,1.0,1.0,True
country_class,NLD|solar_farm,9,9,1.0,1.0,True
country_class,NLD|storage_tank,42,38,0.9047619047619048,0.8421052631578947,True
country_class,NLD|water_treatment_facility,16,13,0.8125,1.0,True
country_class,NLD|wind_farm,9,8,0.8888888888888888,0.625,True
country_class,NOR|barn,3,3,1.0,1.0,True
country_class,NOR|car_dealership,3,2,0.6666666666666666,1.0,True
country_class,NOR|dam,1,1,1.0,1.0,True
country_class,NOR|fountain,1,0,0.0,,False
country_class,NOR|office_building,1,1,1.0,1.0,True
country_class,NOR|shopping_mall,1,1,1.0,1.0,True
country_class,NOR|tower,1,1,1.0,1.0,True
country_class,NPL|barn,20,19,0.95,1.0,True
country_class,NPL|educational_institution,1,1,1.0,1.0,True
country_class,NPL|smokestack,1,1,1.0,1.0,True
country_class,NPL|solar_farm,11,10,0.9090909090909091,1.0,True
country_class,NPL|surface_mine,9,8,0.8888888888888888,1.0,True
country_class,NPL|waste_disposal,8,6,0.75,1.0,True
country_class,NZL|airport_hangar,2,2,1.0,1.0,True
country_class,NZL|gas_station,1,1,1.0,1.0,True
country_class,NZL|helipad,1,1,1.0,1.0,True
country_class,NZL|parking_lot_or_garage,4,2,0.5,1.0,True
country_class,NZL|race_track,1,1,1.0,1.0,True
country_class,NZL|shopping_mall,1,1,1.0,1.0,True
country_class,NZL|stadium,1,1,1.0,1.0,True
country_class,NZL|waste_disposal,1,0,0.0,,False
country_class,OMN|airport,1,1,1.0,0.0,True
country_class,OMN|factory_or_powerplant,1,0,0.0,,False
country_class,OMN|helipad,1,1,1.0,0.0,True
country_class,OMN|race_track,1,1,1.0,1.0,True
country_class,OMN|water_treatment_facility,1,1,1.0,1.0,True
country_class,PAK|airport,2,2,1.0,0.0,True
country_class,PAK|airport_hangar,3,3,1.0,1.0,True
country_class,PAK|zoo,14,12,0.8571428571428571,1.0,True
country_class,PAN|crop_field,1,1,1.0,1.0,True
country_class,PAN|fire_station,9,9,1.0,1.0,True
country_class,PAN|ground_transportation_station,1,1,1.0,1.0,True
country_class,PAN|tower,10,10,1.0,1.0,True
country_class,PER|airport_terminal,3,2,0.6666666666666666,1.0,True
country_class,PER|amusement_park,4,4,1.0,0.75,True
country_class,PER|crop_field,1,1,1.0,1.0,True
country_class,PER|dam,1,1,1.0,0.0,True
country_class,PER|gas_station,3,3,1.0,1.0,True
country_class,PER|ground_transportation_station,11,7,0.6363636363636364,1.0,True
country_class,PER|hospital,4,4,1.0,1.0,True
country_class,PER|lighthouse,1,1,1.0,1.0,True
country_class,PER|place_of_worship,3,3,1.0,0.3333333333333333,True
country_class,PER|recreational_facility,1,1,1.0,1.0,True
country_class,PER|storage_tank,1,1,1.0,1.0,True
country_class,PER|toll_booth,1,1,1.0,1.0,True
country_class,PHL|airport_hangar,1,1,1.0,1.0,True
country_class,PHL|airport_terminal,1,1,1.0,1.0,True
country_class,PHL|aquaculture,46,46,1.0,0.2826086956521739,True
country_class,PHL|burial_site,1,1,1.0,1.0,True
country_class,PHL|crop_field,1,1,1.0,0.0,True
country_class,PHL|factory_or_powerplant,1,1,1.0,1.0,True
country_class,PHL|gas_station,2,2,1.0,1.0,True
country_class,PHL|military_facility,3,3,1.0,1.0,True
country_class,PHL|parking_lot_or_garage,1,0,0.0,,False
country_class,PHL|shopping_mall,1,1,1.0,1.0,True
country_class,PHL|surface_mine,2,2,1.0,1.0,True
country_class,PHL|waste_disposal,1,1,1.0,1.0,True
country_class,POL|dam,1,1,1.0,1.0,True
country_class,POL|debris_or_rubble,12,10,0.8333333333333334,0.7,True
country_class,POL|educational_institution,1,1,1.0,1.0,True
country_class,POL|fire_station,2,2,1.0,1.0,True
country_class,POL|gas_station,1,1,1.0,1.0,True
country_class,POL|military_facility,1,1,1.0,1.0,True
country_class,POL|parking_lot_or_garage,1,0,0.0,,False
country_class,POL|police_station,1,1,1.0,1.0,True
country_class,POL|recreational_facility,2,2,1.0,1.0,True
country_class,POL|smokestack,9,7,0.7777777777777778,1.0,True
country_class,PRI|burial_site,11,10,0.9090909090909091,1.0,True
country_class,PRI|electric_substation,11,9,0.8181818181818182,1.0,True
country_class,PRI|gas_station,3,3,1.0,1.0,True
country_class,PRI|ground_transportation_station,4,2,0.5,1.0,True
country_class,PRI|lighthouse,4,4,1.0,0.5,True
country_class,PRI|place_of_worship,1,1,1.0,1.0,True
country_class,PRI|port,1,1,1.0,1.0,True
country_class,PRI|wind_farm,9,9,1.0,1.0,True
country_class,PRK|aquaculture,1,1,1.0,1.0,True
country_class,PRK|barn,1,1,1.0,1.0,True
country_class,PRK|dam,1,1,1.0,0.0,True
country_class,PRK|educational_institution,1,1,1.0,1.0,True
country_class,PRK|helipad,1,1,1.0,1.0,True
country_class,PRK|military_facility,2,2,1.0,1.0,True
country_class,PRK|single-unit_residential,1,1,1.0,1.0,True
country_class,PRK|space_facility,12,12,1.0,1.0,True
country_class,PRK|stadium,1,1,1.0,0.0,True
country_class,PRK|tunnel_opening,14,13,0.9285714285714286,0.6923076923076923,True
country_class,PRT|archaeological_site,3,3,1.0,1.0,True
country_class,PRT|barn,1,1,1.0,1.0,True
country_class,PRT|burial_site,1,0,0.0,,False
country_class,PRT|educational_institution,1,1,1.0,1.0,True
country_class,PRT|factory_or_powerplant,1,1,1.0,1.0,True
country_class,PRT|fire_station,1,1,1.0,1.0,True
country_class,PRT|ground_transportation_station,2,2,1.0,1.0,True
country_class,PRT|interchange,3,2,0.6666666666666666,0.5,True
country_class,PRT|military_facility,1,0,0.0,,False
country_class,PRT|park,1,1,1.0,1.0,True
country_class,PRT|parking_lot_or_garage,1,1,1.0,1.0,True
country_class,PRT|police_station,1,1,1.0,1.0,True
country_class,PRT|race_track,1,0,0.0,,False
country_class,PRT|railway_bridge,1,1,1.0,1.0,True
country_class,PRT|smokestack,1,1,1.0,1.0,True
country_class,PRT|solar_farm,1,1,1.0,1.0,True
country_class,PRT|stadium,1,1,1.0,1.0,True
country_class,PRT|surface_mine,1,1,1.0,1.0,True
country_class,PRT|swimming_pool,1,1,1.0,1.0,True
country_class,PRY|dam,4,3,0.75,0.6666666666666666,True
country_class,PRY|golf_course,1,0,0.0,,False
country_class,PRY|ground_transportation_station,1,1,1.0,1.0,True
country_class,PRY|recreational_facility,1,1,1.0,1.0,True
country_class,PSE|amusement_park,2,2,1.0,0.0,True
country_class,PSE|archaeological_site,2,2,1.0,1.0,True
country_class,QAT|airport_terminal,1,1,1.0,1.0,True
country_class,QAT|crop_field,1,1,1.0,1.0,True
country_class,QAT|solar_farm,7,7,1.0,0.7142857142857143,True
country_class,QAT|stadium,8,8,1.0,0.0,True
country_class,QAT|surface_mine,1,1,1.0,1.0,True
country_class,ROU|crop_field,1,1,1.0,1.0,True
country_class,ROU|educational_institution,1,1,1.0,1.0,True
country_class,ROU|ground_transportation_station,1,1,1.0,1.0,True
country_class,ROU|place_of_worship,3,3,1.0,1.0,True
country_class,ROU|water_treatment_facility,11,9,0.8181818181818182,0.6666666666666666,True
country_class,RUS|airport_terminal,1,1,1.0,1.0,True
country_class,RUS|amusement_park,1,1,1.0,0.0,True
country_class,RUS|aquaculture,1,0,0.0,,False
country_class,RUS|burial_site,3,3,1.0,1.0,True
country_class,RUS|car_dealership,2,2,1.0,1.0,True
country_class,RUS|construction_site,1,0,0.0,,False
country_class,RUS|debris_or_rubble,1,1,1.0,1.0,True
country_class,RUS|educational_institution,1,1,1.0,1.0,True
country_class,RUS|fire_station,1,1,1.0,1.0,True
country_class,RUS|helipad,1,1,1.0,0.0,True
country_class,RUS|lake_or_pond,1,1,1.0,0.0,True
country_class,RUS|lighthouse,1,1,1.0,1.0,True
country_class,RUS|military_facility,2,2,1.0,1.0,True
country_class,RUS|park,2,2,1.0,1.0,True
country_class,RUS|place_of_worship,1,1,1.0,1.0,True
country_class,RUS|runway,1,1,1.0,1.0,True
country_class,RUS|shopping_mall,2,1,0.5,1.0,True
country_class,RUS|smokestack,28,27,0.9642857142857143,0.7037037037037037,True
country_class,RUS|solar_farm,1,1,1.0,1.0,True
country_class,RUS|stadium,8,7,0.875,1.0,True
country_class,RUS|storage_tank,57,50,0.8771929824561403,0.92,True
country_class,RUS|surface_mine,1,1,1.0,1.0,True
country_class,RUS|tower,1,1,1.0,1.0,True
country_class,RUS|tunnel_opening,12,10,0.8333333333333334,1.0,True
country_class,RUS|waste_disposal,7,5,0.7142857142857143,1.0,True
country_class,RUS|water_treatment_facility,1,1,1.0,1.0,True
country_class,RUS|zoo,11,8,0.7272727272727273,1.0,True
country_class,SAU|airport,2,2,1.0,0.0,True
country_class,SAU|airport_terminal,3,3,1.0,1.0,True
country_class,SAU|factory_or_powerplant,1,1,1.0,1.0,True
country_class,SAU|fountain,1,1,1.0,1.0,True
country_class,SAU|ground_transportation_station,1,1,1.0,1.0,True
country_class,SAU|helipad,1,1,1.0,1.0,True
country_class,SAU|lighthouse,1,1,1.0,1.0,True
country_class,SAU|military_facility,1,1,1.0,1.0,True
country_class,SAU|place_of_worship,4,4,1.0,1.0,True
country_class,SAU|port,1,1,1.0,0.0,True
country_class,SAU|prison,1,1,1.0,1.0,True
country_class,SAU|single-unit_residential,1,1,1.0,1.0,True
country_class,SAU|smokestack,14,14,1.0,1.0,True
country_class,SAU|storage_tank,1,1,1.0,0.0,True
country_class,SAU|tower,5,5,1.0,0.8,True
country_class,SDN|airport,2,2,1.0,0.0,True
country_class,SDN|ground_transportation_station,3,3,1.0,1.0,True
country_class,SDN|police_station,1,1,1.0,1.0,True
country_class,SEN|airport,1,1,1.0,0.0,True
country_class,SEN|burial_site,4,3,0.75,1.0,True
country_class,SEN|crop_field,1,1,1.0,1.0,True
country_class,SEN|dam,1,1,1.0,1.0,True
country_class,SEN|factory_or_powerplant,1,1,1.0,1.0,True
country_class,SEN|military_facility,1,1,1.0,1.0,True
country_class,SEN|parking_lot_or_garage,1,1,1.0,1.0,True
country_class,SEN|prison,3,3,1.0,1.0,True
country_class,SEN|waste_disposal,1,1,1.0,1.0,True
country_class,SGP|airport,3,3,1.0,0.0,True
country_class,SGP|construction_site,1,1,1.0,1.0,True
country_class,SGP|office_building,1,1,1.0,1.0,True
country_class,SGP|parking_lot_or_garage,3,2,0.6666666666666666,1.0,True
country_class,SGP|police_station,1,1,1.0,1.0,True
country_class,SGP|port,10,10,1.0,0.4,True
country_class,SLE|barn,1,1,1.0,1.0,True
country_class,SLE|impoverished_settlement,10,10,1.0,0.0,True
country_class,SLE|lighthouse,1,1,1.0,1.0,True
country_class,SLE|prison,1,1,1.0,1.0,True
country_class,SLE|recreational_facility,1,1,1.0,1.0,True
country_class,SLE|storage_tank,8,7,0.875,0.7142857142857143,True
country_class,SLV|airport,4,4,1.0,0.0,True
country_class,SLV|car_dealership,1,1,1.0,0.0,True
country_class,SLV|fire_station,1,1,1.0,1.0,True
country_class,SLV|ground_transportation_station,4,4,1.0,1.0,True
country_class,SLV|helipad,1,1,1.0,1.0,True
country_class,SLV|military_facility,1,1,1.0,1.0,True
country_class,SLV|race_track,1,1,1.0,1.0,True
country_class,SLV|recreational_facility,3,3,1.0,1.0,True
country_class,SLV|swimming_pool,1,1,1.0,1.0,True
country_class,SOM|multi-unit_residential,25,22,0.88,0.22727272727272727,True
country_class,SOM|single-unit_residential,1,1,1.0,0.0,True
country_class,SRB|burial_site,1,1,1.0,1.0,True
country_class,SRB|gas_station,1,1,1.0,1.0,True
country_class,SRB|smokestack,13,12,0.9230769230769231,1.0,True
country_class,SRB|surface_mine,1,1,1.0,1.0,True
country_class,SSD|surface_mine,1,1,1.0,0.0,True
country_class,SVK|barn,1,1,1.0,1.0,True
country_class,SVK|burial_site,20,18,0.9,1.0,True
country_class,SVK|crop_field,1,1,1.0,1.0,True
country_class,SVK|ground_transportation_station,1,1,1.0,1.0,True
country_class,SVK|recreational_facility,1,1,1.0,1.0,True
country_class,SVK|solar_farm,9,8,0.8888888888888888,1.0,True
country_class,SVN|crop_field,1,1,1.0,1.0,True
country_class,SVN|interchange,23,17,0.7391304347826086,0.8823529411764706,True
country_class,SVN|park,1,0,0.0,,False
country_class,SVN|shipyard,1,1,1.0,0.0,True
country_class,SVN|surface_mine,9,9,1.0,1.0,True
country_class,SWE|factory_or_powerplant,1,1,1.0,1.0,True
country_class,SWE|office_building,3,3,1.0,1.0,True
country_class,SWE|recreational_facility,1,1,1.0,1.0,True
country_class,SWE|runway,1,1,1.0,0.0,True
country_class,SWE|surface_mine,1,1,1.0,1.0,True
country_class,SWE|zoo,1,1,1.0,1.0,True
country_class,SYR|archaeological_site,1,1,1.0,1.0,True
country_class,SYR|factory_or_powerplant,1,1,1.0,1.0,True
country_class,SYR|fountain,1,1,1.0,1.0,True
country_class,SYR|hospital,1,1,1.0,1.0,True
country_class,SYR|military_facility,1,1,1.0,1.0,True
country_class,SYR|multi-unit_residential,1,1,1.0,1.0,True
country_class,SYR|place_of_worship,1,1,1.0,1.0,True
country_class,SYR|railway_bridge,1,1,1.0,1.0,True
country_class,SYR|runway,1,1,1.0,1.0,True
country_class,SYR|stadium,12,12,1.0,0.5,True
country_class,SYR|storage_tank,1,1,1.0,1.0,True
country_class,SYR|swimming_pool,1,1,1.0,1.0,True
country_class,TGO|recreational_facility,12,9,0.75,1.0,True
country_class,THA|aquaculture,1,1,1.0,1.0,True
country_class,THA|construction_site,2,2,1.0,1.0,True
country_class,THA|crop_field,1,1,1.0,1.0,True
country_class,THA|electric_substation,1,1,1.0,1.0,True
country_class,THA|factory_or_powerplant,1,1,1.0,1.0,True
country_class,THA|hospital,3,3,1.0,1.0,True
country_class,THA|place_of_worship,1,1,1.0,1.0,True
country_class,THA|race_track,1,1,1.0,1.0,True
country_class,THA|shopping_mall,4,3,0.75,0.6666666666666666,True
country_class,THA|tunnel_opening,5,5,1.0,0.4,True
country_class,THA|zoo,9,8,0.8888888888888888,1.0,True
country_class,TKM|crop_field,10,10,1.0,1.0,True
country_class,TKM|recreational_facility,1,1,1.0,1.0,True
country_class,TON|crop_field,9,7,0.7777777777777778,0.8571428571428571,True
country_class,TON|surface_mine,10,9,0.9,0.6666666666666666,True
country_class,TTO|airport_terminal,2,2,1.0,1.0,True
country_class,TTO|gas_station,6,5,0.8333333333333334,1.0,True
country_class,TUN|amusement_park,2,2,1.0,0.0,True
country_class,TUN|archaeological_site,27,23,0.8518518518518519,1.0,True
country_class,TUN|border_checkpoint,1,1,1.0,1.0,True
country_class,TUN|car_dealership,1,1,1.0,1.0,True
country_class,TUN|educational_institution,1,1,1.0,1.0,True
country_class,TUN|golf_course,1,1,1.0,1.0,True
country_class,TUN|police_station,1,1,1.0,1.0,True
country_class,TUR|burial_site,3,2,0.6666666666666666,1.0,True
country_class,TUR|gas_station,3,3,1.0,1.0,True
country_class,TUR|golf_course,1,0,0.0,,False
country_class,TUR|hospital,1,1,1.0,1.0,True
country_class,TUR|impoverished_settlement,1,1,1.0,1.0,True
country_class,TUR|military_facility,2,2,1.0,0.5,True
country_class,TUR|multi-unit_residential,2,2,1.0,0.5,True
country_class,TUR|office_building,3,2,0.6666666666666666,0.5,True
country_class,TUR|park,14,11,0.7857142857142857,1.0,True
country_class,TUR|place_of_worship,1,1,1.0,1.0,True
country_class,TUR|police_station,3,2,0.6666666666666666,1.0,True
country_class,TUR|recreational_facility,1,1,1.0,1.0,True
country_class,TUR|road_bridge,1,0,0.0,,False
country_class,TUR|surface_mine,27,24,0.8888888888888888,0.5416666666666666,True
country_class,TUR|water_treatment_facility,1,1,1.0,1.0,True
country_class,TUR|zoo,1,0,0.0,,False
country_class,TWN|aquaculture,15,15,1.0,0.4666666666666667,True
country_class,TWN|crop_field,1,0,0.0,,False
country_class,TWN|educational_institution,1,1,1.0,1.0,True
country_class,TWN|factory_or_powerplant,1,1,1.0,1.0,True
country_class,TWN|prison,1,1,1.0,1.0,True
country_class,TWN|storage_tank,1,1,1.0,1.0,True
country_class,TWN|toll_booth,1,1,1.0,1.0,True
country_class,TWN|tunnel_opening,8,8,1.0,0.25,True
country_class,TWN|waste_disposal,1,1,1.0,1.0,True
country_class,TWN|zoo,1,0,0.0,,False
country_class,TZA|burial_site,3,2,0.6666666666666666,1.0,True
country_class,TZA|recreational_facility,1,1,1.0,1.0,True
country_class,TZA|runway,1,1,1.0,1.0,True
country_class,TZA|single-unit_residential,64,59,0.921875,0.7288135593220338,True
country_class,TZA|stadium,1,1,1.0,1.0,True
country_class,TZA|surface_mine,1,0,0.0,,False
country_class,UGA|educational_institution,1,1,1.0,1.0,True
country_class,UGA|impoverished_settlement,12,12,1.0,0.3333333333333333,True
country_class,UGA|parking_lot_or_garage,1,1,1.0,1.0,True
country_class,UKR|airport_terminal,2,2,1.0,1.0,True
country_class,UKR|amusement_park,2,2,1.0,0.0,True
country_class,UKR|archaeological_site,1,0,0.0,,False
country_class,UKR|burial_site,1,0,0.0,,False
country_class,UKR|car_dealership,9,9,1.0,0.7777777777777778,True
country_class,UKR|crop_field,2,1,0.5,1.0,True
country_class,UKR|electric_substation,1,0,0.0,,False
country_class,UKR|factory_or_powerplant,1,1,1.0,1.0,True
country_class,UKR|fire_station,1,1,1.0,1.0,True
country_class,UKR|lighthouse,3,3,1.0,1.0,True
country_class,UKR|military_facility,10,6,0.6,1.0,True
country_class,UKR|nuclear_powerplant,12,12,1.0,1.0,True
country_class,UKR|oil_or_gas_facility,4,4,1.0,1.0,True
country_class,UKR|parking_lot_or_garage,4,4,1.0,1.0,True
country_class,UKR|police_station,1,1,1.0,1.0,True
country_class,UKR|shopping_mall,1,1,1.0,1.0,True
country_class,UKR|smokestack,9,8,0.8888888888888888,1.0,True
country_class,UKR|storage_tank,1,1,1.0,1.0,True
country_class,UKR|swimming_pool,1,1,1.0,1.0,True
country_class,UKR|tower,3,2,0.6666666666666666,1.0,True
country_class,UKR|wind_farm,1,1,1.0,1.0,True
country_class,UKR|zoo,1,1,1.0,1.0,True
country_class,URY|amusement_park,2,2,1.0,1.0,True
country_class,URY|border_checkpoint,1,1,1.0,1.0,True
country_class,URY|parking_lot_or_garage,1,1,1.0,1.0,True
country_class,URY|place_of_worship,3,2,0.6666666666666666,1.0,True
country_class,URY|race_track,18,16,0.8888888888888888,1.0,True
country_class,URY|single-unit_residential,5,5,1.0,1.0,True
country_class,URY|tower,1,1,1.0,1.0,True
country_class,USA|airport_terminal,1,1,1.0,1.0,True
country_class,USA|amusement_park,1,1,1.0,1.0,True
country_class,USA|archaeological_site,1,0,0.0,,False
country_class,USA|barn,1,1,1.0,1.0,True
country_class,USA|car_dealership,1,1,1.0,1.0,True
country_class,USA|crop_field,1,1,1.0,1.0,True
country_class,USA|dam,1,1,1.0,1.0,True
country_class,USA|educational_institution,1,0,0.0,,False
country_class,USA|factory_or_powerplant,2,2,1.0,1.0,True
country_class,USA|fire_station,1,1,1.0,1.0,True
country_class,USA|fountain,1,0,0.0,,False
country_class,USA|golf_course,2,2,1.0,1.0,True
country_class,USA|lake_or_pond,2,2,1.0,0.5,True
country_class,USA|lighthouse,1,1,1.0,0.0,True
country_class,USA|nuclear_powerplant,17,15,0.8823529411764706,0.6,True
country_class,USA|place_of_worship,1,1,1.0,1.0,True
country_class,USA|police_station,1,1,1.0,0.0,True
country_class,USA|railway_bridge,2,2,1.0,1.0,True
country_class,USA|recreational_facility,2,2,1.0,1.0,True
country_class,USA|road_bridge,1,1,1.0,1.0,True
country_class,USA|shopping_mall,1,1,1.0,1.0,True
country_class,USA|single-unit_residential,2,1,0.5,0.0,True
country_class,USA|solar_farm,1,1,1.0,1.0,True
country_class,USA|space_facility,37,37,1.0,0.02702702702702703,True
country_class,USA|storage_tank,2,2,1.0,1.0,True
country_class,USA|surface_mine,1,1,1.0,1.0,True
country_class,USA|swimming_pool,1,1,1.0,1.0,True
country_class,USA|toll_booth,2,2,1.0,1.0,True
country_class,USA|water_treatment_facility,1,1,1.0,1.0,True
country_class,UZB|amusement_park,1,1,1.0,0.0,True
country_class,UZB|electric_substation,10,9,0.9,1.0,True
country_class,UZB|fountain,9,7,0.7777777777777778,0.5714285714285714,True
country_class,UZB|police_station,1,1,1.0,1.0,True
country_class,VAT|park,10,8,0.8,0.875,True
country_class,VEN|airport_hangar,1,1,1.0,0.0,True
country_class,VEN|airport_terminal,2,2,1.0,1.0,True
country_class,VEN|amusement_park,2,2,1.0,0.0,True
country_class,VEN|barn,1,1,1.0,1.0,True
country_class,VEN|golf_course,1,1,1.0,1.0,True
country_class,VEN|parking_lot_or_garage,1,1,1.0,1.0,True
country_class,VEN|place_of_worship,3,3,1.0,1.0,True
country_class,VEN|prison,1,1,1.0,1.0,True
country_class,VEN|recreational_facility,1,1,1.0,1.0,True
country_class,VNM|airport,1,1,1.0,0.0,True
country_class,VNM|airport_terminal,2,2,1.0,0.5,True
country_class,VNM|border_checkpoint,1,1,1.0,1.0,True
country_class,VNM|factory_or_powerplant,9,7,0.7777777777777778,1.0,True
country_class,VNM|golf_course,13,13,1.0,1.0,True
country_class,VNM|ground_transportation_station,1,1,1.0,1.0,True
country_class,VNM|toll_booth,1,1,1.0,1.0,True
country_class,YEM|airport_terminal,3,3,1.0,1.0,True
country_class,YEM|amusement_park,4,4,1.0,0.25,True
country_class,YEM|single-unit_residential,8,8,1.0,0.625,True
country_class,YEM|water_treatment_facility,1,1,1.0,1.0,True
country_class,ZAF|airport,3,3,1.0,0.0,True
country_class,ZAF|airport_hangar,1,0,0.0,,False
country_class,ZAF|archaeological_site,1,1,1.0,1.0,True
country_class,ZAF|burial_site,4,4,1.0,1.0,True
country_class,ZAF|car_dealership,2,2,1.0,1.0,True
country_class,ZAF|factory_or_powerplant,2,2,1.0,1.0,True
country_class,ZAF|golf_course,1,1,1.0,1.0,True
country_class,ZAF|helipad,1,1,1.0,1.0,True
country_class,ZAF|hospital,1,1,1.0,1.0,True
country_class,ZAF|police_station,1,1,1.0,1.0,True
country_class,ZAF|shopping_mall,1,1,1.0,1.0,True
country_class,ZAF|swimming_pool,15,13,0.8666666666666667,1.0,True
country_class,ZAF|tower,1,1,1.0,1.0,True
country_class,ZAF|waste_disposal,1,0,0.0,,False
country_class,ZMB|dam,1,0,0.0,,False
country_class,ZMB|ground_transportation_station,1,1,1.0,1.0,True
country_class,ZMB|office_building,1,1,1.0,1.0,True
country_class,ZWE|airport_hangar,2,2,1.0,1.0,True
country_class,ZWE|dam,1,1,1.0,0.0,True
country_class,ZWE|factory_or_powerplant,1,1,1.0,1.0,True
country_class,ZWE|road_bridge,23,22,0.9565217391304348,0.45454545454545453,True
country_class,ZWE|water_treatment_facility,1,1,1.0,1.0,True
country_class,ambiguous_country|airport,1,1,1.0,0.0,True
country_class,ambiguous_country|airport_hangar,1,1,1.0,1.0,True
country_class,ambiguous_country|border_checkpoint,1,1,1.0,1.0,True
country_class,ambiguous_country|construction_site,2,1,0.5,1.0,True
country_class,ambiguous_country|dam,1,1,1.0,0.0,True
country_class,ambiguous_country|gas_station,1,0,0.0,,False
country_class,ambiguous_country|golf_course,3,3,1.0,1.0,True
country_class,ambiguous_country|ground_transportation_station,1,0,0.0,,False
country_class,ambiguous_country|military_facility,2,2,1.0,1.0,True
country_class,ambiguous_country|oil_or_gas_facility,2,2,1.0,1.0,True
country_class,ambiguous_country|park,1,0,0.0,,False
country_class,ambiguous_country|parking_lot_or_garage,1,1,1.0,1.0,True
country_class,ambiguous_country|race_track,3,3,1.0,1.0,True
country_class,ambiguous_country|recreational_facility,1,1,1.0,1.0,True
country_class,ambiguous_country|runway,1,1,1.0,1.0,True
country_class,ambiguous_country|single-unit_residential,1,1,1.0,0.0,True
country_class,ambiguous_country|smokestack,7,6,0.8571428571428571,1.0,True
country_class,ambiguous_country|storage_tank,3,3,1.0,1.0,True
country_class,ambiguous_country|surface_mine,1,1,1.0,0.0,True
country_class,ambiguous_country|toll_booth,9,9,1.0,1.0,True
country_class,ambiguous_country|waste_disposal,18,14,0.7777777777777778,0.9285714285714286,True
