axis,group,risk,support,cluster_support,selected_tail_mass,protocol_hash
country,ARE,0.9705882352941176,34,12,0.0,f51e772730ce48a8a203e9768112419e396e96a7fd88bb299342896456a31a16
country,ARG,0.9365079365079365,63,23,0.0,f51e772730ce48a8a203e9768112419e396e96a7fd88bb299342896456a31a16
country,AUS,0.8947368421052632,38,23,0.0,f51e772730ce48a8a203e9768112419e396e96a7fd88bb299342896456a31a16
country,BEL,0.9666666666666667,30,16,0.0,f51e772730ce48a8a203e9768112419e396e96a7fd88bb299342896456a31a16
country,BGD,0.5833333333333334,36,9,0.0,f51e772730ce48a8a203e9768112419e396e96a7fd88bb299342896456a31a16
country,BHS,1.0,38,8,0.012195121951219513,f51e772730ce48a8a203e9768112419e396e96a7fd88bb299342896456a31a16
country,BLR,0.8695652173913043,23,10,0.0,f51e772730ce48a8a203e9768112419e396e96a7fd88bb299342896456a31a16
country,BOL,0.6296296296296297,27,10,0.0,f51e772730ce48a8a203e9768112419e396e96a7fd88bb299342896456a31a16
country,BRA,0.8317757009345794,107,36,0.0,f51e772730ce48a8a203e9768112419e396e96a7fd88bb299342896456a31a16
country,BRB,0.75,20,2,0.0,f51e772730ce48a8a203e9768112419e396e96a7fd88bb299342896456a31a16
country,CAN,0.7222222222222222,36,18,0.0,f51e772730ce48a8a203e9768112419e396e96a7fd88bb299342896456a31a16
country,CHE,0.7419354838709677,31,12,0.0,f51e772730ce48a8a203e9768112419e396e96a7fd88bb299342896456a31a16
country,CHL,0.9,20,15,0.0,f51e772730ce48a8a203e9768112419e396e96a7fd88bb299342896456a31a16
country,CHN,0.6343283582089553,134,42,0.0,f51e772730ce48a8a203e9768112419e396e96a7fd88bb299342896456a31a16
country,CIV,0.9166666666666666,24,7,0.0,f51e772730ce48a8a203e9768112419e396e96a7fd88bb299342896456a31a16
country,CMR,0.8846153846153846,26,5,0.0,f51e772730ce48a8a203e9768112419e396e96a7fd88bb299342896456a31a16
country,CYP,0.9565217391304348,23,3,0.0,f51e772730ce48a8a203e9768112419e396e96a7fd88bb299342896456a31a16
country,CZE,0.9583333333333334,24,6,0.0,f51e772730ce48a8a203e9768112419e396e96a7fd88bb299342896456a31a16
country,DEU,0.8666666666666667,75,21,0.0,f51e772730ce48a8a203e9768112419e396e96a7fd88bb299342896456a31a16
country,DJI,1.0,22,2,0.012195121951219513,f51e772730ce48a8a203e9768112419e396e96a7fd88bb299342896456a31a16
country,DNK,0.9629629629629629,27,8,0.0,f51e772730ce48a8a203e9768112419e396e96a7fd88bb299342896456a31a16
country,DZA,0.7804878048780488,41,23,0.0,f51e772730ce48a8a203e9768112419e396e96a7fd88bb299342896456a31a16
country,ECU,0.75,44,13,0.0,f51e772730ce48a8a203e9768112419e396e96a7fd88bb299342896456a31a16
country,EGY,0.8297872340425532,47,11,0.0,f51e772730ce48a8a203e9768112419e396e96a7fd88bb299342896456a31a16
country,ESP,0.8210526315789474,95,29,0.0,f51e772730ce48a8a203e9768112419e396e96a7fd88bb299342896456a31a16
country,EST,0.9411764705882353,34,4,0.0,f51e772730ce48a8a203e9768112419e396e96a7fd88bb299342896456a31a16
country,ETH,0.9508196721311475,61,9,0.0,f51e772730ce48a8a203e9768112419e396e96a7fd88bb299342896456a31a16
country,FLK,0.7272727272727273,22,2,0.0,f51e772730ce48a8a203e9768112419e396e96a7fd88bb299342896456a31a16
country,FRA,0.8865979381443299,97,36,0.0,f51e772730ce48a8a203e9768112419e396e96a7fd88bb299342896456a31a16
country,GBR,0.8515625,128,34,0.0,f51e772730ce48a8a203e9768112419e396e96a7fd88bb299342896456a31a16
country,GIN,0.9166666666666666,24,2,0.0,f51e772730ce48a8a203e9768112419e396e96a7fd88bb299342896456a31a16
country,GRC,0.8928571428571429,28,9,0.0,f51e772730ce48a8a203e9768112419e396e96a7fd88bb299342896456a31a16
country,GTM,0.8333333333333334,24,9,0.0,f51e772730ce48a8a203e9768112419e396e96a7fd88bb299342896456a31a16
country,HND,0.9090909090909091,44,8,0.0,f51e772730ce48a8a203e9768112419e396e96a7fd88bb299342896456a31a16
country,HUN,0.8571428571428571,21,11,0.0,f51e772730ce48a8a203e9768112419e396e96a7fd88bb299342896456a31a16
country,IDN,0.7083333333333334,48,15,0.0,f51e772730ce48a8a203e9768112419e396e96a7fd88bb299342896456a31a16
country,IND,0.7540983606557377,122,29,0.0,f51e772730ce48a8a203e9768112419e396e96a7fd88bb299342896456a31a16
country,IRQ,0.8536585365853658,41,14,0.0,f51e772730ce48a8a203e9768112419e396e96a7fd88bb299342896456a31a16
country,ITA,0.8289473684210527,76,33,0.0,f51e772730ce48a8a203e9768112419e396e96a7fd88bb299342896456a31a16
country,JPN,0.9152542372881356,59,22,0.0,f51e772730ce48a8a203e9768112419e396e96a7fd88bb299342896456a31a16
country,KO-,0.52,25,4,0.0,f51e772730ce48a8a203e9768112419e396e96a7fd88bb299342896456a31a16
country,KOR,0.6,40,12,0.0,f51e772730ce48a8a203e9768112419e396e96a7fd88bb299342896456a31a16
country,LAO,1.0,21,2,0.012195121951219513,f51e772730ce48a8a203e9768112419e396e96a7fd88bb299342896456a31a16
country,LBR,0.6818181818181818,22,3,0.0,f51e772730ce48a8a203e9768112419e396e96a7fd88bb299342896456a31a16
country,LBY,0.7246376811594203,69,17,0.0,f51e772730ce48a8a203e9768112419e396e96a7fd88bb299342896456a31a16
country,LSO,1.0,21,2,0.012195121951219513,f51e772730ce48a8a203e9768112419e396e96a7fd88bb299342896456a31a16
country,LTU,0.7692307692307693,26,11,0.0,f51e772730ce48a8a203e9768112419e396e96a7fd88bb299342896456a31a16
country,LVA,1.0,37,10,0.012195121951219513,f51e772730ce48a8a203e9768112419e396e96a7fd88bb299342896456a31a16
country,MAR,0.6071428571428571,28,15,0.0,f51e772730ce48a8a203e9768112419e396e96a7fd88bb299342896456a31a16
country,MNG,0.96,25,4,0.0,f51e772730ce48a8a203e9768112419e396e96a7fd88bb299342896456a31a16
country,MTQ,0.9545454545454546,22,4,0.0,f51e772730ce48a8a203e9768112419e396e96a7fd88bb299342896456a31a16
country,NCL,0.5238095238095238,21,3,0.0,f51e772730ce48a8a203e9768112419e396e96a7fd88bb299342896456a31a16
country,NGA,0.95,20,6,0.0,f51e772730ce48a8a203e9768112419e396e96a7fd88bb299342896456a31a16
country,NLD,0.8913043478260869,92,21,0.0,f51e772730ce48a8a203e9768112419e396e96a7fd88bb299342896456a31a16
country,NPL,1.0,50,8,0.012195121951219513,f51e772730ce48a8a203e9768112419e396e96a7fd88bb299342896456a31a16
country,PAN,1.0,21,4,0.012195121951219513,f51e772730ce48a8a203e9768112419e396e96a7fd88bb299342896456a31a16
country,PER,0.8823529411764706,34,13,0.0,f51e772730ce48a8a203e9768112419e396e96a7fd88bb299342896456a31a16
country,PHL,0.4426229508196721,61,16,0.0,f51e772730ce48a8a203e9768112419e396e96a7fd88bb299342896456a31a16
country,POL,0.9032258064516129,31,10,0.0,f51e772730ce48a8a203e9768112419e396e96a7fd88bb299342896456a31a16
country,PRI,0.9545454545454546,44,8,0.0,f51e772730ce48a8a203e9768112419e396e96a7fd88bb299342896456a31a16
country,PRK,0.8285714285714286,35,11,0.0,f51e772730ce48a8a203e9768112419e396e96a7fd88bb299342896456a31a16
country,PRT,0.9166666666666666,24,19,0.0,f51e772730ce48a8a203e9768112419e396e96a7fd88bb299342896456a31a16
country,RUS,0.9,150,37,0.0,f51e772730ce48a8a203e9768112419e396e96a7fd88bb299342896456a31a16
country,SAU,0.868421052631579,38,17,0.0,f51e772730ce48a8a203e9768112419e396e96a7fd88bb299342896456a31a16
country,SLE,0.45454545454545453,22,6,0.0,f51e772730ce48a8a203e9768112419e396e96a7fd88bb299342896456a31a16
country,SOM,0.3076923076923077,26,3,0.0,f51e772730ce48a8a203e9768112419e396e96a7fd88bb299342896456a31a16
country,SVK,1.0,33,7,0.012195121951219513,f51e772730ce48a8a203e9768112419e396e96a7fd88bb299342896456a31a16
country,SVN,0.8571428571428571,35,6,0.0,f51e772730ce48a8a203e9768112419e396e96a7fd88bb299342896456a31a16
country,SYR,0.7391304347826086,23,12,0.0,f51e772730ce48a8a203e9768112419e396e96a7fd88bb299342896456a31a16
country,THA,0.8620689655172413,29,11,0.0,f51e772730ce48a8a203e9768112419e396e96a7fd88bb299342896456a31a16
country,TUN,0.9411764705882353,34,8,0.0,f51e772730ce48a8a203e9768112419e396e96a7fd88bb299342896456a31a16
country,TUR,0.7692307692307693,65,21,0.0,f51e772730ce48a8a203e9768112419e396e96a7fd88bb299342896456a31a16
country,TWN,0.5483870967741935,31,11,0.0,f51e772730ce48a8a203e9768112419e396e96a7fd88bb299342896456a31a16
country,TZA,0.7323943661971831,71,17,0.0,f51e772730ce48a8a203e9768112419e396e96a7fd88bb299342896456a31a16
country,UKR,0.9436619718309859,71,25,0.0,f51e772730ce48a8a203e9768112419e396e96a7fd88bb299342896456a31a16
country,URY,1.0,31,7,0.002439024390243922,f51e772730ce48a8a203e9768112419e396e96a7fd88bb299342896456a31a16
country,USA,0.47191011235955055,89,45,0.0,f51e772730ce48a8a203e9768112419e396e96a7fd88bb299342896456a31a16
country,UZB,0.8095238095238095,21,4,0.0,f51e772730ce48a8a203e9768112419e396e96a7fd88bb299342896456a31a16
country,VNM,0.9285714285714286,28,8,0.0,f51e772730ce48a8a203e9768112419e396e96a7fd88bb299342896456a31a16
country,ZAF,0.9142857142857143,35,16,0.0,f51e772730ce48a8a203e9768112419e396e96a7fd88bb299342896456a31a16
country,ZWE,0.5357142857142857,28,6,0.0,f51e772730ce48a8a203e9768112419e396e96a7fd88bb299342896456a31a16
country,ambiguous_country,0.9016393442622951,61,28,0.0,f51e772730ce48a8a203e9768112419e396e96a7fd88bb299342896456a31a16
class_label,airport,0.20833333333333334,48,24,0.0,f51e772730ce48a8a203e9768112419e396e96a7fd88bb299342896456a31a16
class_label,airport_hangar,0.9,30,20,0.0,f51e772730ce48a8a203e9768112419e396e96a7fd88bb299342896456a31a16
class_label,airport_terminal,0.9166666666666666,60,38,0.0,f51e772730ce48a8a203e9768112419e396e96a7fd88bb299342896456a31a16
class_label,amusement_park,0.42857142857142855,56,35,0.0,f51e772730ce48a8a203e9768112419e396e96a7fd88bb299342896456a31a16
class_label,aquaculture,0.3717948717948718,78,14,0.0,f51e772730ce48a8a203e9768112419e396e96a7fd88bb299342896456a31a16
class_label,archaeological_site,0.9649122807017544,57,24,0.0,f51e772730ce48a8a203e9768112419e396e96a7fd88bb299342896456a31a16
class_label,barn,1.0,59,26,0.01639344262295082,f51e772730ce48a8a203e9768112419e396e96a7fd88bb299342896456a31a16
class_label,border_checkpoint,0.875,72,13,0.0,f51e772730ce48a8a203e9768112419e396e96a7fd88bb299342896456a31a16
class_label,burial_site,0.9848484848484849,66,26,0.0016393442622950685,f51e772730ce48a8a203e9768112419e396e96a7fd88bb299342896456a31a16
class_label,car_dealership,0.90625,32,15,0.0,f51e772730ce48a8a203e9768112419e396e96a7fd88bb299342896456a31a16
class_label,construction_site,0.9696969696969697,33,15,0.0,f51e772730ce48a8a203e9768112419e396e96a7fd88bb299342896456a31a16
class_label,crop_field,0.96,100,47,0.0,f51e772730ce48a8a203e9768112419e396e96a7fd88bb299342896456a31a16
class_label,dam,0.8,40,22,0.0,f51e772730ce48a8a203e9768112419e396e96a7fd88bb299342896456a31a16
class_label,debris_or_rubble,0.8504672897196262,107,14,0.0,f51e772730ce48a8a203e9768112419e396e96a7fd88bb299342896456a31a16
class_label,educational_institution,0.9047619047619048,63,33,0.0,f51e772730ce48a8a203e9768112419e396e96a7fd88bb299342896456a31a16
class_label,electric_substation,0.9464285714285714,56,23,0.0,f51e772730ce48a8a203e9768112419e396e96a7fd88bb299342896456a31a16
class_label,factory_or_powerplant,0.9761904761904762,42,26,0.0,f51e772730ce48a8a203e9768112419e396e96a7fd88bb299342896456a31a16
class_label,fire_station,1.0,52,18,0.01639344262295082,f51e772730ce48a8a203e9768112419e396e96a7fd88bb299342896456a31a16
class_label,flooded_road,0.59375,32,9,0.0,f51e772730ce48a8a203e9768112419e396e96a7fd88bb299342896456a31a16
class_label,fountain,0.9464285714285714,56,15,0.0,f51e772730ce48a8a203e9768112419e396e96a7fd88bb299342896456a31a16
class_label,gas_station,0.9818181818181818,55,20,0.0,f51e772730ce48a8a203e9768112419e396e96a7fd88bb299342896456a31a16
class_label,golf_course,0.9111111111111111,45,18,0.0,f51e772730ce48a8a203e9768112419e396e96a7fd88bb299342896456a31a16
class_label,ground_transportation_station,0.963855421686747,83,37,0.0,f51e772730ce48a8a203e9768112419e396e96a7fd88bb299342896456a31a16
class_label,helipad,0.6944444444444444,36,19,0.0,f51e772730ce48a8a203e9768112419e396e96a7fd88bb299342896456a31a16
class_label,hospital,1.0,39,21,0.01639344262295082,f51e772730ce48a8a203e9768112419e396e96a7fd88bb299342896456a31a16
class_label,impoverished_settlement,0.24444444444444444,45,7,0.0,f51e772730ce48a8a203e9768112419e396e96a7fd88bb299342896456a31a16
class_label,interchange,0.8653846153846154,52,11,0.0,f51e772730ce48a8a203e9768112419e396e96a7fd88bb299342896456a31a16
class_label,lake_or_pond,0.84375,32,7,0.0,f51e772730ce48a8a203e9768112419e396e96a7fd88bb299342896456a31a16
class_label,lighthouse,0.62,50,21,0.0,f51e772730ce48a8a203e9768112419e396e96a7fd88bb299342896456a31a16
class_label,military_facility,0.9866666666666667,75,36,0.01639344262295082,f51e772730ce48a8a203e9768112419e396e96a7fd88bb299342896456a31a16
class_label,multi-unit_residential,0.5135135135135135,37,13,0.0,f51e772730ce48a8a203e9768112419e396e96a7fd88bb299342896456a31a16
class_label,nuclear_powerplant,0.7534246575342466,73,13,0.0,f51e772730ce48a8a203e9768112419e396e96a7fd88bb299342896456a31a16
class_label,office_building,0.9444444444444444,36,19,0.0,f51e772730ce48a8a203e9768112419e396e96a7fd88bb299342896456a31a16
class_label,oil_or_gas_facility,0.96,50,13,0.0,f51e772730ce48a8a203e9768112419e396e96a7fd88bb299342896456a31a16
class_label,park,0.9622641509433962,53,21,0.0,f51e772730ce48a8a203e9768112419e396e96a7fd88bb299342896456a31a16
class_label,parking_lot_or_garage,0.9824561403508771,57,37,0.0,f51e772730ce48a8a203e9768112419e396e96a7fd88bb299342896456a31a16
class_label,place_of_worship,0.900990099009901,101,42,0.0,f51e772730ce48a8a203e9768112419e396e96a7fd88bb299342896456a31a16
class_label,police_station,0.9722222222222222,72,35,0.0,f51e772730ce48a8a203e9768112419e396e96a7fd88bb299342896456a31a16
class_label,port,0.4444444444444444,27,13,0.0,f51e772730ce48a8a203e9768112419e396e96a7fd88bb299342896456a31a16
class_label,prison,1.0,58,16,0.01639344262295082,f51e772730ce48a8a203e9768112419e396e96a7fd88bb299342896456a31a16
class_label,race_track,0.9791666666666666,48,21,0.0,f51e772730ce48a8a203e9768112419e396e96a7fd88bb299342896456a31a16
class_label,railway_bridge,0.96875,32,17,0.0,f51e772730ce48a8a203e9768112419e396e96a7fd88bb299342896456a31a16
class_label,recreational_facility,0.96875,64,41,0.0,f51e772730ce48a8a203e9768112419e396e96a7fd88bb299342896456a31a16
class_label,road_bridge,0.7777777777777778,63,14,0.0,f51e772730ce48a8a203e9768112419e396e96a7fd88bb299342896456a31a16
class_label,runway,0.4358974358974359,39,19,0.0,f51e772730ce48a8a203e9768112419e396e96a7fd88bb299342896456a31a16
class_label,shopping_mall,0.9333333333333333,45,25,0.0,f51e772730ce48a8a203e9768112419e396e96a7fd88bb299342896456a31a16
class_label,single-unit_residential,0.7136150234741784,213,46,0.0,f51e772730ce48a8a203e9768112419e396e96a7fd88bb299342896456a31a16
class_label,smokestack,0.9318181818181818,132,26,0.0,f51e772730ce48a8a203e9768112419e396e96a7fd88bb299342896456a31a16
class_label,solar_farm,0.8646616541353384,133,21,0.0,f51e772730ce48a8a203e9768112419e396e96a7fd88bb299342896456a31a16
class_label,space_facility,0.421875,64,5,0.0,f51e772730ce48a8a203e9768112419e396e96a7fd88bb299342896456a31a16
class_label,stadium,0.5754716981132075,106,20,0.0,f51e772730ce48a8a203e9768112419e396e96a7fd88bb299342896456a31a16
class_label,storage_tank,0.8208092485549133,173,32,0.0,f51e772730ce48a8a203e9768112419e396e96a7fd88bb299342896456a31a16
class_label,surface_mine,0.6140350877192983,114,35,0.0,f51e772730ce48a8a203e9768112419e396e96a7fd88bb299342896456a31a16
class_label,swimming_pool,0.8794326241134752,141,26,0.0,f51e772730ce48a8a203e9768112419e396e96a7fd88bb299342896456a31a16
class_label,toll_booth,0.8681318681318682,91,22,0.0,f51e772730ce48a8a203e9768112419e396e96a7fd88bb299342896456a31a16
class_label,tower,0.8873239436619719,142,29,0.0,f51e772730ce48a8a203e9768112419e396e96a7fd88bb299342896456a31a16
class_label,tunnel_opening,0.54,150,30,0.0,f51e772730ce48a8a203e9768112419e396e96a7fd88bb299342896456a31a16
class_label,waste_disposal,0.9037037037037037,135,28,0.0,f51e772730ce48a8a203e9768112419e396e96a7fd88bb299342896456a31a16
class_label,water_treatment_facility,0.9130434782608695,138,29,0.0,f51e772730ce48a8a203e9768112419e396e96a7fd88bb299342896456a31a16
class_label,wind_farm,0.7972972972972973,148,25,0.0,f51e772730ce48a8a203e9768112419e396e96a7fd88bb299342896456a31a16
class_label,zoo,1.0,66,18,0.01639344262295082,f51e772730ce48a8a203e9768112419e396e96a7fd88bb299342896456a31a16
country_class,BGD|flooded_road,0.4583333333333333,24,3,0.0,f51e772730ce48a8a203e9768112419e396e96a7fd88bb299342896456a31a16
country_class,BRA|swimming_pool,0.7540983606557377,61,6,0.0,f51e772730ce48a8a203e9768112419e396e96a7fd88bb299342896456a31a16
country_class,CHN|tunnel_opening,0.5,84,22,0.0,f51e772730ce48a8a203e9768112419e396e96a7fd88bb299342896456a31a16
country_class,CYP|swimming_pool,0.9545454545454546,22,2,0.0032258064516129115,f51e772730ce48a8a203e9768112419e396e96a7fd88bb299342896456a31a16
country_class,DEU|solar_farm,0.7777777777777778,36,4,0.0,f51e772730ce48a8a203e9768112419e396e96a7fd88bb299342896456a31a16
country_class,ESP|solar_farm,0.6923076923076923,26,3,0.0,f51e772730ce48a8a203e9768112419e396e96a7fd88bb299342896456a31a16
country_class,EST|border_checkpoint,0.9545454545454546,22,2,0.0,f51e772730ce48a8a203e9768112419e396e96a7fd88bb299342896456a31a16
country_class,GBR|waste_disposal,0.9,30,4,0.0,f51e772730ce48a8a203e9768112419e396e96a7fd88bb299342896456a31a16
country_class,GBR|water_treatment_facility,0.8378378378378378,37,6,0.0,f51e772730ce48a8a203e9768112419e396e96a7fd88bb299342896456a31a16
country_class,GIN|tower,0.9166666666666666,24,2,0.0,f51e772730ce48a8a203e9768112419e396e96a7fd88bb299342896456a31a16
country_class,HND|wind_farm,0.9393939393939394,33,3,0.0,f51e772730ce48a8a203e9768112419e396e96a7fd88bb299342896456a31a16
country_class,IND|wind_farm,0.6883116883116883,77,10,0.0,f51e772730ce48a8a203e9768112419e396e96a7fd88bb299342896456a31a16
country_class,IRQ|tower,0.75,20,2,0.0,f51e772730ce48a8a203e9768112419e396e96a7fd88bb299342896456a31a16
country_class,ITA|debris_or_rubble,0.696969696969697,33,3,0.0,f51e772730ce48a8a203e9768112419e396e96a7fd88bb299342896456a31a16
country_class,JPN|toll_booth,0.95,20,2,0.0,f51e772730ce48a8a203e9768112419e396e96a7fd88bb299342896456a31a16
country_class,KOR|tunnel_opening,0.48148148148148145,27,3,0.0,f51e772730ce48a8a203e9768112419e396e96a7fd88bb299342896456a31a16
country_class,LBY|single-unit_residential,0.7083333333333334,48,9,0.0,f51e772730ce48a8a203e9768112419e396e96a7fd88bb299342896456a31a16
country_class,MNG|border_checkpoint,0.9545454545454546,22,2,0.0,f51e772730ce48a8a203e9768112419e396e96a7fd88bb299342896456a31a16
country_class,NLD|storage_tank,0.8571428571428571,42,7,0.0,f51e772730ce48a8a203e9768112419e396e96a7fd88bb299342896456a31a16
country_class,NPL|barn,1.0,20,2,0.03225806451612903,f51e772730ce48a8a203e9768112419e396e96a7fd88bb299342896456a31a16
country_class,PHL|aquaculture,0.2826086956521739,46,5,0.0,f51e772730ce48a8a203e9768112419e396e96a7fd88bb299342896456a31a16
country_class,RUS|smokestack,0.7142857142857143,28,3,0.0,f51e772730ce48a8a203e9768112419e396e96a7fd88bb299342896456a31a16
country_class,RUS|storage_tank,0.9298245614035088,57,5,0.0,f51e772730ce48a8a203e9768112419e396e96a7fd88bb299342896456a31a16
country_class,SOM|multi-unit_residential,0.32,25,2,0.0,f51e772730ce48a8a203e9768112419e396e96a7fd88bb299342896456a31a16
country_class,SVK|burial_site,1.0,20,2,0.03225806451612903,f51e772730ce48a8a203e9768112419e396e96a7fd88bb299342896456a31a16
country_class,SVN|interchange,0.8695652173913043,23,2,0.0,f51e772730ce48a8a203e9768112419e396e96a7fd88bb299342896456a31a16
country_class,TUN|archaeological_site,1.0,27,2,0.03225806451612903,f51e772730ce48a8a203e9768112419e396e96a7fd88bb299342896456a31a16
country_class,TUR|surface_mine,0.5555555555555556,27,3,0.0,f51e772730ce48a8a203e9768112419e396e96a7fd88bb299342896456a31a16
country_class,TZA|single-unit_residential,0.71875,64,12,0.0,f51e772730ce48a8a203e9768112419e396e96a7fd88bb299342896456a31a16
country_class,USA|space_facility,0.02702702702702703,37,3,0.0,f51e772730ce48a8a203e9768112419e396e96a7fd88bb299342896456a31a16
country_class,ZWE|road_bridge,0.4782608695652174,23,2,0.0,f51e772730ce48a8a203e9768112419e396e96a7fd88bb299342896456a31a16
